file,sign,instance,rows,columns,dtype,nan_count,inf_count,original_sign,cleaned_sign,session
data\high_quality\tctodd\tctodd1\alive-1.tsd,alive,1,50,22,float64,0,0,alive,alive,tctodd1
data\high_quality\tctodd\tctodd1\alive-2.tsd,alive,2,54,22,float64,0,0,alive,alive,tctodd1
data\high_quality\tctodd\tctodd1\alive-3.tsd,alive,3,53,22,float64,0,0,alive,alive,tctodd1
data\high_quality\tctodd\tctodd1\all-1.tsd,all,1,55,22,float64,0,0,all,all,tctodd1
data\high_quality\tctodd\tctodd1\all-2.tsd,all,2,60,22,float64,0,0,all,all,tctodd1
data\high_quality\tctodd\tctodd1\all-3.tsd,all,3,55,22,float64,0,0,all,all,tctodd1
data\high_quality\tctodd\tctodd1\answer-1.tsd,answer,1,62,22,float64,0,0,answer,answer,tctodd1
data\high_quality\tctodd\tctodd1\answer-2.tsd,answer,2,56,22,float64,0,0,answer,answer,tctodd1
data\high_quality\tctodd\tctodd1\answer-3.tsd,answer,3,53,22,float64,0,0,answer,answer,tctodd1
data\high_quality\tctodd\tctodd1\boy-1.tsd,boy,1,53,22,float64,0,0,boy,boy,tctodd1
data\high_quality\tctodd\tctodd1\boy-2.tsd,boy,2,51,22,float64,0,0,boy,boy,tctodd1
data\high_quality\tctodd\tctodd1\boy-3.tsd,boy,3,55,22,float64,0,0,boy,boy,tctodd1
data\high_quality\tctodd\tctodd1\building-1.tsd,building,1,77,22,float64,0,0,building,building,tctodd1
data\high_quality\tctodd\tctodd1\building-2.tsd,building,2,79,22,float64,0,0,building,building,tctodd1
data\high_quality\tctodd\tctodd1\building-3.tsd,building,3,66,22,float64,0,0,building,building,tctodd1
data\high_quality\tctodd\tctodd1\buy-1.tsd,buy,1,58,22,float64,0,0,buy,buy,tctodd1
data\high_quality\tctodd\tctodd1\buy-2.tsd,buy,2,48,22,float64,0,0,buy,buy,tctodd1
data\high_quality\tctodd\tctodd1\buy-3.tsd,buy,3,50,22,float64,0,0,buy,buy,tctodd1
data\high_quality\tctodd\tctodd1\change_mind_-1.tsd,change_mind_,1,54,22,float64,0,0,change_mind_,change_mind_,tctodd1
data\high_quality\tctodd\tctodd1\change_mind_-2.tsd,change_mind_,2,56,22,float64,0,0,change_mind_,change_mind_,tctodd1
data\high_quality\tctodd\tctodd1\change_mind_-3.tsd,change_mind_,3,53,22,float64,0,0,change_mind_,change_mind_,tctodd1
data\high_quality\tctodd\tctodd1\cold-1.tsd,cold,1,80,22,float64,0,0,cold,cold,tctodd1
data\high_quality\tctodd\tctodd1\cold-2.tsd,cold,2,56,22,float64,0,0,cold,cold,tctodd1
data\high_quality\tctodd\tctodd1\cold-3.tsd,cold,3,53,22,float64,0,0,cold,cold,tctodd1
data\high_quality\tctodd\tctodd1\come-1.tsd,come,1,52,22,float64,0,0,come,come,tctodd1
data\high_quality\tctodd\tctodd1\come-2.tsd,come,2,50,22,float64,0,0,come,come,tctodd1
data\high_quality\tctodd\tctodd1\come-3.tsd,come,3,48,22,float64,0,0,come,come,tctodd1
data\high_quality\tctodd\tctodd1\computer_PC_-1.tsd,computer_PC_,1,81,22,float64,0,0,computer_PC_,computer_PC_,tctodd1
data\high_quality\tctodd\tctodd1\computer_PC_-2.tsd,computer_PC_,2,55,22,float64,0,0,computer_PC_,computer_PC_,tctodd1
data\high_quality\tctodd\tctodd1\computer_PC_-3.tsd,computer_PC_,3,56,22,float64,0,0,computer_PC_,computer_PC_,tctodd1
data\high_quality\tctodd\tctodd1\cost-1.tsd,cost,1,64,22,float64,0,0,cost,cost,tctodd1
data\high_quality\tctodd\tctodd1\cost-2.tsd,cost,2,48,22,float64,0,0,cost,cost,tctodd1
data\high_quality\tctodd\tctodd1\cost-3.tsd,cost,3,49,22,float64,0,0,cost,cost,tctodd1
data\high_quality\tctodd\tctodd1\crazy-1.tsd,crazy,1,57,22,float64,0,0,crazy,crazy,tctodd1
data\high_quality\tctodd\tctodd1\crazy-2.tsd,crazy,2,62,22,float64,0,0,crazy,crazy,tctodd1
data\high_quality\tctodd\tctodd1\crazy-3.tsd,crazy,3,53,22,float64,0,0,crazy,crazy,tctodd1
data\high_quality\tctodd\tctodd1\danger-1.tsd,danger,1,84,22,float64,0,0,danger,danger,tctodd1
data\high_quality\tctodd\tctodd1\danger-2.tsd,danger,2,55,22,float64,0,0,danger,danger,tctodd1
data\high_quality\tctodd\tctodd1\danger-3.tsd,danger,3,54,22,float64,0,0,danger,danger,tctodd1
data\high_quality\tctodd\tctodd1\deaf-1.tsd,deaf,1,62,22,float64,0,0,deaf,deaf,tctodd1
data\high_quality\tctodd\tctodd1\deaf-2.tsd,deaf,2,49,22,float64,0,0,deaf,deaf,tctodd1
data\high_quality\tctodd\tctodd1\deaf-3.tsd,deaf,3,56,22,float64,0,0,deaf,deaf,tctodd1
data\high_quality\tctodd\tctodd1\different-1.tsd,different,1,58,22,float64,0,0,different,different,tctodd1
data\high_quality\tctodd\tctodd1\different-2.tsd,different,2,55,22,float64,0,0,different,different,tctodd1
data\high_quality\tctodd\tctodd1\different-3.tsd,different,3,57,22,float64,0,0,different,different,tctodd1
data\high_quality\tctodd\tctodd1\draw-1.tsd,draw,1,75,22,float64,0,0,draw,draw,tctodd1
data\high_quality\tctodd\tctodd1\draw-2.tsd,draw,2,52,22,float64,0,0,draw,draw,tctodd1
data\high_quality\tctodd\tctodd1\draw-3.tsd,draw,3,55,22,float64,0,0,draw,draw,tctodd1
data\high_quality\tctodd\tctodd1\drink-1.tsd,drink,1,57,22,float64,0,0,drink,drink,tctodd1
data\high_quality\tctodd\tctodd1\drink-2.tsd,drink,2,51,22,float64,0,0,drink,drink,tctodd1
data\high_quality\tctodd\tctodd1\drink-3.tsd,drink,3,52,22,float64,0,0,drink,drink,tctodd1
data\high_quality\tctodd\tctodd1\eat-1.tsd,eat,1,74,22,float64,0,0,eat,eat,tctodd1
data\high_quality\tctodd\tctodd1\eat-2.tsd,eat,2,56,22,float64,0,0,eat,eat,tctodd1
data\high_quality\tctodd\tctodd1\eat-3.tsd,eat,3,49,22,float64,0,0,eat,eat,tctodd1
data\high_quality\tctodd\tctodd1\exit-1.tsd,exit,1,52,22,float64,0,0,exit,exit,tctodd1
data\high_quality\tctodd\tctodd1\exit-2.tsd,exit,2,58,22,float64,0,0,exit,exit,tctodd1
data\high_quality\tctodd\tctodd1\exit-3.tsd,exit,3,51,22,float64,0,0,exit,exit,tctodd1
data\high_quality\tctodd\tctodd1\flash-light-1.tsd,flash-light,1,57,22,float64,0,0,flash-light,flash-light,tctodd1
data\high_quality\tctodd\tctodd1\flash-light-2.tsd,flash-light,2,58,22,float64,0,0,flash-light,flash-light,tctodd1
data\high_quality\tctodd\tctodd1\flash-light-3.tsd,flash-light,3,53,22,float64,0,0,flash-light,flash-light,tctodd1
data\high_quality\tctodd\tctodd1\forget-1.tsd,forget,1,54,22,float64,0,0,forget,forget,tctodd1
data\high_quality\tctodd\tctodd1\forget-2.tsd,forget,2,53,22,float64,0,0,forget,forget,tctodd1
data\high_quality\tctodd\tctodd1\forget-3.tsd,forget,3,52,22,float64,0,0,forget,forget,tctodd1
data\high_quality\tctodd\tctodd1\girl-1.tsd,girl,1,57,22,float64,0,0,girl,girl,tctodd1
data\high_quality\tctodd\tctodd1\girl-2.tsd,girl,2,51,22,float64,0,0,girl,girl,tctodd1
data\high_quality\tctodd\tctodd1\girl-3.tsd,girl,3,51,22,float64,0,0,girl,girl,tctodd1
data\high_quality\tctodd\tctodd1\give-1.tsd,give,1,52,22,float64,0,0,give,give,tctodd1
data\high_quality\tctodd\tctodd1\give-2.tsd,give,2,54,22,float64,0,0,give,give,tctodd1
data\high_quality\tctodd\tctodd1\give-3.tsd,give,3,54,22,float64,0,0,give,give,tctodd1
data\high_quality\tctodd\tctodd1\glove-1.tsd,glove,1,75,22,float64,0,0,glove,glove,tctodd1
data\high_quality\tctodd\tctodd1\glove-2.tsd,glove,2,76,22,float64,0,0,glove,glove,tctodd1
data\high_quality\tctodd\tctodd1\glove-3.tsd,glove,3,54,22,float64,0,0,glove,glove,tctodd1
data\high_quality\tctodd\tctodd1\go-1.tsd,go,1,52,22,float64,0,0,go,go,tctodd1
data\high_quality\tctodd\tctodd1\go-2.tsd,go,2,53,22,float64,0,0,go,go,tctodd1
data\high_quality\tctodd\tctodd1\go-3.tsd,go,3,53,22,float64,0,0,go,go,tctodd1
data\high_quality\tctodd\tctodd1\God-1.tsd,God,1,90,22,float64,0,0,God,God,tctodd1
data\high_quality\tctodd\tctodd1\God-2.tsd,God,2,55,22,float64,0,0,God,God,tctodd1
data\high_quality\tctodd\tctodd1\God-3.tsd,God,3,56,22,float64,0,0,God,God,tctodd1
data\high_quality\tctodd\tctodd1\happy-1.tsd,happy,1,54,22,float64,0,0,happy,happy,tctodd1
data\high_quality\tctodd\tctodd1\happy-2.tsd,happy,2,50,22,float64,0,0,happy,happy,tctodd1
data\high_quality\tctodd\tctodd1\happy-3.tsd,happy,3,54,22,float64,0,0,happy,happy,tctodd1
data\high_quality\tctodd\tctodd1\head-1.tsd,head,1,66,22,float64,0,0,head,head,tctodd1
data\high_quality\tctodd\tctodd1\head-2.tsd,head,2,51,22,float64,0,0,head,head,tctodd1
data\high_quality\tctodd\tctodd1\head-3.tsd,head,3,49,22,float64,0,0,head,head,tctodd1
data\high_quality\tctodd\tctodd1\hear-1.tsd,hear,1,51,22,float64,0,0,hear,hear,tctodd1
data\high_quality\tctodd\tctodd1\hear-2.tsd,hear,2,54,22,float64,0,0,hear,hear,tctodd1
data\high_quality\tctodd\tctodd1\hear-3.tsd,hear,3,48,22,float64,0,0,hear,hear,tctodd1
data\high_quality\tctodd\tctodd1\hello-1.tsd,hello,1,62,22,float64,0,0,hello,hello,tctodd1
data\high_quality\tctodd\tctodd1\hello-2.tsd,hello,2,50,22,float64,0,0,hello,hello,tctodd1
data\high_quality\tctodd\tctodd1\hello-3.tsd,hello,3,47,22,float64,0,0,hello,hello,tctodd1
data\high_quality\tctodd\tctodd1\her-1.tsd,her,1,52,22,float64,0,0,her,his_hers,tctodd1
data\high_quality\tctodd\tctodd1\her-2.tsd,her,2,55,22,float64,0,0,her,his_hers,tctodd1
data\high_quality\tctodd\tctodd1\her-3.tsd,her,3,46,22,float64,0,0,her,his_hers,tctodd1
data\high_quality\tctodd\tctodd1\hot-1.tsd,hot,1,50,22,float64,0,0,hot,hot,tctodd1
data\high_quality\tctodd\tctodd1\hot-2.tsd,hot,2,53,22,float64,0,0,hot,hot,tctodd1
data\high_quality\tctodd\tctodd1\hot-3.tsd,hot,3,49,22,float64,0,0,hot,hot,tctodd1
data\high_quality\tctodd\tctodd1\how-1.tsd,how,1,77,22,float64,0,0,how,how,tctodd1
data\high_quality\tctodd\tctodd1\how-2.tsd,how,2,64,22,float64,0,0,how,how,tctodd1
data\high_quality\tctodd\tctodd1\how-3.tsd,how,3,50,22,float64,0,0,how,how,tctodd1
data\high_quality\tctodd\tctodd1\hurry-1.tsd,hurry,1,67,22,float64,0,0,hurry,hurry,tctodd1
data\high_quality\tctodd\tctodd1\hurry-2.tsd,hurry,2,59,22,float64,0,0,hurry,hurry,tctodd1
data\high_quality\tctodd\tctodd1\hurry-3.tsd,hurry,3,48,22,float64,0,0,hurry,hurry,tctodd1
data\high_quality\tctodd\tctodd1\hurt-1.tsd,hurt,1,88,22,float64,0,0,hurt,hurt,tctodd1
data\high_quality\tctodd\tctodd1\hurt-2.tsd,hurt,2,58,22,float64,0,0,hurt,hurt,tctodd1
data\high_quality\tctodd\tctodd1\hurt-3.tsd,hurt,3,53,22,float64,0,0,hurt,hurt,tctodd1
data\high_quality\tctodd\tctodd1\I-1.tsd,I,1,51,22,float64,0,0,I,I,tctodd1
data\high_quality\tctodd\tctodd1\I-2.tsd,I,2,53,22,float64,0,0,I,I,tctodd1
data\high_quality\tctodd\tctodd1\I-3.tsd,I,3,47,22,float64,0,0,I,I,tctodd1
data\high_quality\tctodd\tctodd1\innocent-1.tsd,innocent,1,85,22,float64,0,0,innocent,innocent,tctodd1
data\high_quality\tctodd\tctodd1\innocent-2.tsd,innocent,2,53,22,float64,0,0,innocent,innocent,tctodd1
data\high_quality\tctodd\tctodd1\innocent-3.tsd,innocent,3,54,22,float64,0,0,innocent,innocent,tctodd1
data\high_quality\tctodd\tctodd1\is_true_-1.tsd,is_true_,1,74,22,float64,0,0,is_true_,is_true_,tctodd1
data\high_quality\tctodd\tctodd1\is_true_-2.tsd,is_true_,2,52,22,float64,0,0,is_true_,is_true_,tctodd1
data\high_quality\tctodd\tctodd1\is_true_-3.tsd,is_true_,3,50,22,float64,0,0,is_true_,is_true_,tctodd1
data\high_quality\tctodd\tctodd1\joke-1.tsd,joke,1,51,22,float64,0,0,joke,joke,tctodd1
data\high_quality\tctodd\tctodd1\joke-2.tsd,joke,2,55,22,float64,0,0,joke,joke,tctodd1
data\high_quality\tctodd\tctodd1\joke-3.tsd,joke,3,50,22,float64,0,0,joke,joke,tctodd1
data\high_quality\tctodd\tctodd1\juice-1.tsd,juice,1,74,22,float64,0,0,juice,juice,tctodd1
data\high_quality\tctodd\tctodd1\juice-2.tsd,juice,2,56,22,float64,0,0,juice,juice,tctodd1
data\high_quality\tctodd\tctodd1\juice-3.tsd,juice,3,55,22,float64,0,0,juice,juice,tctodd1
data\high_quality\tctodd\tctodd1\know-1.tsd,know,1,51,22,float64,0,0,know,know,tctodd1
data\high_quality\tctodd\tctodd1\know-2.tsd,know,2,50,22,float64,0,0,know,know,tctodd1
data\high_quality\tctodd\tctodd1\know-3.tsd,know,3,54,22,float64,0,0,know,know,tctodd1
data\high_quality\tctodd\tctodd1\later-1.tsd,later,1,51,22,float64,0,0,later,later,tctodd1
data\high_quality\tctodd\tctodd1\later-2.tsd,later,2,60,22,float64,0,0,later,later,tctodd1
data\high_quality\tctodd\tctodd1\later-3.tsd,later,3,53,22,float64,0,0,later,later,tctodd1
data\high_quality\tctodd\tctodd1\lose-1.tsd,lose,1,57,22,float64,0,0,lose,lose,tctodd1
data\high_quality\tctodd\tctodd1\lose-2.tsd,lose,2,59,22,float64,0,0,lose,lose,tctodd1
data\high_quality\tctodd\tctodd1\lose-3.tsd,lose,3,51,22,float64,0,0,lose,lose,tctodd1
data\high_quality\tctodd\tctodd1\love-1.tsd,love,1,89,22,float64,0,0,love,love,tctodd1
data\high_quality\tctodd\tctodd1\love-2.tsd,love,2,57,22,float64,0,0,love,love,tctodd1
data\high_quality\tctodd\tctodd1\love-3.tsd,love,3,52,22,float64,0,0,love,love,tctodd1
data\high_quality\tctodd\tctodd1\make-1.tsd,make,1,59,22,float64,0,0,make,make,tctodd1
data\high_quality\tctodd\tctodd1\make-2.tsd,make,2,49,22,float64,0,0,make,make,tctodd1
data\high_quality\tctodd\tctodd1\make-3.tsd,make,3,50,22,float64,0,0,make,make,tctodd1
data\high_quality\tctodd\tctodd1\man-1.tsd,man,1,52,22,float64,0,0,man,man,tctodd1
data\high_quality\tctodd\tctodd1\man-2.tsd,man,2,48,22,float64,0,0,man,man,tctodd1
data\high_quality\tctodd\tctodd1\man-3.tsd,man,3,53,22,float64,0,0,man,man,tctodd1
data\high_quality\tctodd\tctodd1\maybe-1.tsd,maybe,1,66,22,float64,0,0,maybe,maybe,tctodd1
data\high_quality\tctodd\tctodd1\maybe-2.tsd,maybe,2,52,22,float64,0,0,maybe,maybe,tctodd1
data\high_quality\tctodd\tctodd1\maybe-3.tsd,maybe,3,48,22,float64,0,0,maybe,maybe,tctodd1
data\high_quality\tctodd\tctodd1\mine-1.tsd,mine,1,51,22,float64,0,0,mine,mine,tctodd1
data\high_quality\tctodd\tctodd1\mine-2.tsd,mine,2,47,22,float64,0,0,mine,mine,tctodd1
data\high_quality\tctodd\tctodd1\mine-3.tsd,mine,3,46,22,float64,0,0,mine,mine,tctodd1
data\high_quality\tctodd\tctodd1\money-1.tsd,money,1,49,22,float64,0,0,money,money,tctodd1
data\high_quality\tctodd\tctodd1\money-2.tsd,money,2,55,22,float64,0,0,money,money,tctodd1
data\high_quality\tctodd\tctodd1\money-3.tsd,money,3,51,22,float64,0,0,money,money,tctodd1
data\high_quality\tctodd\tctodd1\more-1.tsd,more,1,48,22,float64,0,0,more,more,tctodd1
data\high_quality\tctodd\tctodd1\more-2.tsd,more,2,49,22,float64,0,0,more,more,tctodd1
data\high_quality\tctodd\tctodd1\more-3.tsd,more,3,50,22,float64,0,0,more,more,tctodd1
data\high_quality\tctodd\tctodd1\name-1.tsd,name,1,69,22,float64,0,0,name,name,tctodd1
data\high_quality\tctodd\tctodd1\name-2.tsd,name,2,51,22,float64,0,0,name,name,tctodd1
data\high_quality\tctodd\tctodd1\name-3.tsd,name,3,50,22,float64,0,0,name,name,tctodd1
data\high_quality\tctodd\tctodd1\no-1.tsd,no,1,48,22,float64,0,0,no,no,tctodd1
data\high_quality\tctodd\tctodd1\no-2.tsd,no,2,52,22,float64,0,0,no,no,tctodd1
data\high_quality\tctodd\tctodd1\no-3.tsd,no,3,62,22,float64,0,0,no,no,tctodd1
data\high_quality\tctodd\tctodd1\Norway-1.tsd,Norway,1,56,22,float64,0,0,Norway,Norway,tctodd1
data\high_quality\tctodd\tctodd1\Norway-2.tsd,Norway,2,56,22,float64,0,0,Norway,Norway,tctodd1
data\high_quality\tctodd\tctodd1\Norway-3.tsd,Norway,3,56,22,float64,0,0,Norway,Norway,tctodd1
data\high_quality\tctodd\tctodd1\not-my-problem-1.tsd,not-my-problem,1,69,22,float64,0,0,not-my-problem,not-my-problem,tctodd1
data\high_quality\tctodd\tctodd1\not-my-problem-2.tsd,not-my-problem,2,64,22,float64,0,0,not-my-problem,not-my-problem,tctodd1
data\high_quality\tctodd\tctodd1\not-my-problem-3.tsd,not-my-problem,3,51,22,float64,0,0,not-my-problem,not-my-problem,tctodd1
data\high_quality\tctodd\tctodd1\paper-1.tsd,paper,1,61,22,float64,0,0,paper,paper,tctodd1
data\high_quality\tctodd\tctodd1\paper-2.tsd,paper,2,52,22,float64,0,0,paper,paper,tctodd1
data\high_quality\tctodd\tctodd1\paper-3.tsd,paper,3,51,22,float64,0,0,paper,paper,tctodd1
data\high_quality\tctodd\tctodd1\pen-1.tsd,pen,1,60,22,float64,0,0,pen,pen,tctodd1
data\high_quality\tctodd\tctodd1\pen-2.tsd,pen,2,49,22,float64,0,0,pen,pen,tctodd1
data\high_quality\tctodd\tctodd1\pen-3.tsd,pen,3,50,22,float64,0,0,pen,pen,tctodd1
data\high_quality\tctodd\tctodd1\please-1.tsd,please,1,65,22,float64,0,0,please,please,tctodd1
data\high_quality\tctodd\tctodd1\please-2.tsd,please,2,56,22,float64,0,0,please,please,tctodd1
data\high_quality\tctodd\tctodd1\please-3.tsd,please,3,52,22,float64,0,0,please,please,tctodd1
data\high_quality\tctodd\tctodd1\polite-1.tsd,polite,1,56,22,float64,0,0,polite,polite,tctodd1
data\high_quality\tctodd\tctodd1\polite-2.tsd,polite,2,56,22,float64,0,0,polite,polite,tctodd1
data\high_quality\tctodd\tctodd1\polite-3.tsd,polite,3,65,22,float64,0,0,polite,polite,tctodd1
data\high_quality\tctodd\tctodd1\question-1.tsd,question,1,86,22,float64,0,0,question,question,tctodd1
data\high_quality\tctodd\tctodd1\question-2.tsd,question,2,64,22,float64,0,0,question,question,tctodd1
data\high_quality\tctodd\tctodd1\question-3.tsd,question,3,51,22,float64,0,0,question,question,tctodd1
data\high_quality\tctodd\tctodd1\read-1.tsd,read,1,96,22,float64,0,0,read,read,tctodd1
data\high_quality\tctodd\tctodd1\read-2.tsd,read,2,71,22,float64,0,0,read,read,tctodd1
data\high_quality\tctodd\tctodd1\read-3.tsd,read,3,58,22,float64,0,0,read,read,tctodd1
data\high_quality\tctodd\tctodd1\ready-1.tsd,ready,1,54,22,float64,0,0,ready,ready,tctodd1
data\high_quality\tctodd\tctodd1\ready-2.tsd,ready,2,53,22,float64,0,0,ready,ready,tctodd1
data\high_quality\tctodd\tctodd1\ready-3.tsd,ready,3,51,22,float64,0,0,ready,ready,tctodd1
data\high_quality\tctodd\tctodd1\research-1.tsd,research,1,60,22,float64,0,0,research,research,tctodd1
data\high_quality\tctodd\tctodd1\research-2.tsd,research,2,55,22,float64,0,0,research,research,tctodd1
data\high_quality\tctodd\tctodd1\research-3.tsd,research,3,61,22,float64,0,0,research,research,tctodd1
data\high_quality\tctodd\tctodd1\responsible-1.tsd,responsible,1,63,22,float64,0,0,responsible,responsible,tctodd1
data\high_quality\tctodd\tctodd1\responsible-2.tsd,responsible,2,57,22,float64,0,0,responsible,responsible,tctodd1
data\high_quality\tctodd\tctodd1\responsible-3.tsd,responsible,3,50,22,float64,0,0,responsible,responsible,tctodd1
data\high_quality\tctodd\tctodd1\right-1.tsd,right,1,51,22,float64,0,0,right,right,tctodd1
data\high_quality\tctodd\tctodd1\right-2.tsd,right,2,52,22,float64,0,0,right,right,tctodd1
data\high_quality\tctodd\tctodd1\right-3.tsd,right,3,50,22,float64,0,0,right,right,tctodd1
data\high_quality\tctodd\tctodd1\sad-1.tsd,sad,1,76,22,float64,0,0,sad,sad,tctodd1
data\high_quality\tctodd\tctodd1\sad-2.tsd,sad,2,54,22,float64,0,0,sad,sad,tctodd1
data\high_quality\tctodd\tctodd1\sad-3.tsd,sad,3,50,22,float64,0,0,sad,sad,tctodd1
data\high_quality\tctodd\tctodd1\same-1.tsd,same,1,50,22,float64,0,0,same,same,tctodd1
data\high_quality\tctodd\tctodd1\same-2.tsd,same,2,50,22,float64,0,0,same,same,tctodd1
data\high_quality\tctodd\tctodd1\same-3.tsd,same,3,48,22,float64,0,0,same,same,tctodd1
data\high_quality\tctodd\tctodd1\science-1.tsd,science,1,81,22,float64,0,0,science,science,tctodd1
data\high_quality\tctodd\tctodd1\science-2.tsd,science,2,66,22,float64,0,0,science,science,tctodd1
data\high_quality\tctodd\tctodd1\science-3.tsd,science,3,58,22,float64,0,0,science,science,tctodd1
data\high_quality\tctodd\tctodd1\share-1.tsd,share,1,66,22,float64,0,0,share,share,tctodd1
data\high_quality\tctodd\tctodd1\share-2.tsd,share,2,54,22,float64,0,0,share,share,tctodd1
data\high_quality\tctodd\tctodd1\share-3.tsd,share,3,57,22,float64,0,0,share,share,tctodd1
data\high_quality\tctodd\tctodd1\shop-1.tsd,shop,1,50,22,float64,0,0,shop,shop,tctodd1
data\high_quality\tctodd\tctodd1\shop-2.tsd,shop,2,54,22,float64,0,0,shop,shop,tctodd1
data\high_quality\tctodd\tctodd1\shop-3.tsd,shop,3,50,22,float64,0,0,shop,shop,tctodd1
data\high_quality\tctodd\tctodd1\soon-1.tsd,soon,1,74,22,float64,0,0,soon,soon,tctodd1
data\high_quality\tctodd\tctodd1\soon-2.tsd,soon,2,53,22,float64,0,0,soon,soon,tctodd1
data\high_quality\tctodd\tctodd1\soon-3.tsd,soon,3,54,22,float64,0,0,soon,soon,tctodd1
data\high_quality\tctodd\tctodd1\sorry-1.tsd,sorry,1,71,22,float64,0,0,sorry,sorry,tctodd1
data\high_quality\tctodd\tctodd1\sorry-2.tsd,sorry,2,80,22,float64,0,0,sorry,sorry,tctodd1
data\high_quality\tctodd\tctodd1\sorry-3.tsd,sorry,3,55,22,float64,0,0,sorry,sorry,tctodd1
data\high_quality\tctodd\tctodd1\spend-1.tsd,spend,1,54,22,float64,0,0,spend,spend,tctodd1
data\high_quality\tctodd\tctodd1\spend-2.tsd,spend,2,75,22,float64,0,0,spend,spend,tctodd1
data\high_quality\tctodd\tctodd1\spend-3.tsd,spend,3,57,22,float64,0,0,spend,spend,tctodd1
data\high_quality\tctodd\tctodd1\stubborn-1.tsd,stubborn,1,53,22,float64,0,0,stubborn,stubborn,tctodd1
data\high_quality\tctodd\tctodd1\stubborn-2.tsd,stubborn,2,48,22,float64,0,0,stubborn,stubborn,tctodd1
data\high_quality\tctodd\tctodd1\stubborn-3.tsd,stubborn,3,57,22,float64,0,0,stubborn,stubborn,tctodd1
data\high_quality\tctodd\tctodd1\surprise-1.tsd,surprise,1,60,22,float64,0,0,surprise,surprise,tctodd1
data\high_quality\tctodd\tctodd1\surprise-2.tsd,surprise,2,53,22,float64,0,0,surprise,surprise,tctodd1
data\high_quality\tctodd\tctodd1\surprise-3.tsd,surprise,3,55,22,float64,0,0,surprise,surprise,tctodd1
data\high_quality\tctodd\tctodd1\take-1.tsd,take,1,53,22,float64,0,0,take,take,tctodd1
data\high_quality\tctodd\tctodd1\take-2.tsd,take,2,47,22,float64,0,0,take,take,tctodd1
data\high_quality\tctodd\tctodd1\take-3.tsd,take,3,47,22,float64,0,0,take,take,tctodd1
data\high_quality\tctodd\tctodd1\temper-1.tsd,temper,1,55,22,float64,0,0,temper,temper,tctodd1
data\high_quality\tctodd\tctodd1\temper-2.tsd,temper,2,52,22,float64,0,0,temper,temper,tctodd1
data\high_quality\tctodd\tctodd1\temper-3.tsd,temper,3,52,22,float64,0,0,temper,temper,tctodd1
data\high_quality\tctodd\tctodd1\thank-1.tsd,thank,1,48,22,float64,0,0,thank,thank,tctodd1
data\high_quality\tctodd\tctodd1\thank-2.tsd,thank,2,51,22,float64,0,0,thank,thank,tctodd1
data\high_quality\tctodd\tctodd1\thank-3.tsd,thank,3,68,22,float64,0,0,thank,thank,tctodd1
data\high_quality\tctodd\tctodd1\think-1.tsd,think,1,50,22,float64,0,0,think,think,tctodd1
data\high_quality\tctodd\tctodd1\think-2.tsd,think,2,51,22,float64,0,0,think,think,tctodd1
data\high_quality\tctodd\tctodd1\think-3.tsd,think,3,51,22,float64,0,0,think,think,tctodd1
data\high_quality\tctodd\tctodd1\tray-1.tsd,tray,1,62,22,float64,0,0,tray,tray,tctodd1
data\high_quality\tctodd\tctodd1\tray-2.tsd,tray,2,49,22,float64,0,0,tray,tray,tctodd1
data\high_quality\tctodd\tctodd1\tray-3.tsd,tray,3,60,22,float64,0,0,tray,tray,tctodd1
data\high_quality\tctodd\tctodd1\us-1.tsd,us,1,84,22,float64,0,0,us,us,tctodd1
data\high_quality\tctodd\tctodd1\us-2.tsd,us,2,64,22,float64,0,0,us,us,tctodd1
data\high_quality\tctodd\tctodd1\us-3.tsd,us,3,55,22,float64,0,0,us,us,tctodd1
data\high_quality\tctodd\tctodd1\voluntary-1.tsd,voluntary,1,65,22,float64,0,0,voluntary,voluntary,tctodd1
data\high_quality\tctodd\tctodd1\voluntary-2.tsd,voluntary,2,55,22,float64,0,0,voluntary,voluntary,tctodd1
data\high_quality\tctodd\tctodd1\voluntary-3.tsd,voluntary,3,57,22,float64,0,0,voluntary,voluntary,tctodd1
data\high_quality\tctodd\tctodd1\wait_notyet_-1.tsd,wait_notyet_,1,91,22,float64,0,0,wait_notyet_,wait_notyet_,tctodd1
data\high_quality\tctodd\tctodd1\wait_notyet_-2.tsd,wait_notyet_,2,54,22,float64,0,0,wait_notyet_,wait_notyet_,tctodd1
data\high_quality\tctodd\tctodd1\wait_notyet_-3.tsd,wait_notyet_,3,57,22,float64,0,0,wait_notyet_,wait_notyet_,tctodd1
data\high_quality\tctodd\tctodd1\what-1.tsd,what,1,60,22,float64,0,0,what,what,tctodd1
data\high_quality\tctodd\tctodd1\what-2.tsd,what,2,48,22,float64,0,0,what,what,tctodd1
data\high_quality\tctodd\tctodd1\what-3.tsd,what,3,50,22,float64,0,0,what,what,tctodd1
data\high_quality\tctodd\tctodd1\when-1.tsd,when,1,49,22,float64,0,0,when,when,tctodd1
data\high_quality\tctodd\tctodd1\when-2.tsd,when,2,58,22,float64,0,0,when,when,tctodd1
data\high_quality\tctodd\tctodd1\when-3.tsd,when,3,54,22,float64,0,0,when,when,tctodd1
data\high_quality\tctodd\tctodd1\where-1.tsd,where,1,92,22,float64,0,0,where,where,tctodd1
data\high_quality\tctodd\tctodd1\where-2.tsd,where,2,55,22,float64,0,0,where,where,tctodd1
data\high_quality\tctodd\tctodd1\where-3.tsd,where,3,53,22,float64,0,0,where,where,tctodd1
data\high_quality\tctodd\tctodd1\which-1.tsd,which,1,54,22,float64,0,0,which,which,tctodd1
data\high_quality\tctodd\tctodd1\which-2.tsd,which,2,57,22,float64,0,0,which,which,tctodd1
data\high_quality\tctodd\tctodd1\which-3.tsd,which,3,51,22,float64,0,0,which,which,tctodd1
data\high_quality\tctodd\tctodd1\who-1.tsd,who,1,55,22,float64,0,0,who,who,tctodd1
data\high_quality\tctodd\tctodd1\who-2.tsd,who,2,50,22,float64,0,0,who,who,tctodd1
data\high_quality\tctodd\tctodd1\who-3.tsd,who,3,51,22,float64,0,0,who,who,tctodd1
data\high_quality\tctodd\tctodd1\why-1.tsd,why,1,53,22,float64,0,0,why,why,tctodd1
data\high_quality\tctodd\tctodd1\why-2.tsd,why,2,49,22,float64,0,0,why,why,tctodd1
data\high_quality\tctodd\tctodd1\why-3.tsd,why,3,52,22,float64,0,0,why,why,tctodd1
data\high_quality\tctodd\tctodd1\wild-1.tsd,wild,1,72,22,float64,0,0,wild,wild,tctodd1
data\high_quality\tctodd\tctodd1\wild-2.tsd,wild,2,54,22,float64,0,0,wild,wild,tctodd1
data\high_quality\tctodd\tctodd1\wild-3.tsd,wild,3,54,22,float64,0,0,wild,wild,tctodd1
data\high_quality\tctodd\tctodd1\will-1.tsd,will,1,60,22,float64,0,0,will,will,tctodd1
data\high_quality\tctodd\tctodd1\will-2.tsd,will,2,52,22,float64,0,0,will,will,tctodd1
data\high_quality\tctodd\tctodd1\will-3.tsd,will,3,54,22,float64,0,0,will,will,tctodd1
data\high_quality\tctodd\tctodd1\write-1.tsd,write,1,72,22,float64,0,0,write,write,tctodd1
data\high_quality\tctodd\tctodd1\write-2.tsd,write,2,58,22,float64,0,0,write,write,tctodd1
data\high_quality\tctodd\tctodd1\write-3.tsd,write,3,61,22,float64,0,0,write,write,tctodd1
data\high_quality\tctodd\tctodd1\wrong-1.tsd,wrong,1,51,22,float64,0,0,wrong,wrong,tctodd1
data\high_quality\tctodd\tctodd1\wrong-2.tsd,wrong,2,48,22,float64,0,0,wrong,wrong,tctodd1
data\high_quality\tctodd\tctodd1\wrong-3.tsd,wrong,3,53,22,float64,0,0,wrong,wrong,tctodd1
data\high_quality\tctodd\tctodd1\yes-1.tsd,yes,1,51,22,float64,0,0,yes,yes,tctodd1
data\high_quality\tctodd\tctodd1\yes-2.tsd,yes,2,49,22,float64,0,0,yes,yes,tctodd1
data\high_quality\tctodd\tctodd1\yes-3.tsd,yes,3,50,22,float64,0,0,yes,yes,tctodd1
data\high_quality\tctodd\tctodd1\you-1.tsd,you,1,48,22,float64,0,0,you,you,tctodd1
data\high_quality\tctodd\tctodd1\you-2.tsd,you,2,51,22,float64,0,0,you,you,tctodd1
data\high_quality\tctodd\tctodd1\you-3.tsd,you,3,48,22,float64,0,0,you,you,tctodd1
data\high_quality\tctodd\tctodd1\zero-1.tsd,zero,1,51,22,float64,0,0,zero,zero,tctodd1
data\high_quality\tctodd\tctodd1\zero-2.tsd,zero,2,54,22,float64,0,0,zero,zero,tctodd1
data\high_quality\tctodd\tctodd1\zero-3.tsd,zero,3,61,22,float64,0,0,zero,zero,tctodd1
data\high_quality\tctodd\tctodd2\alive-1.tsd,alive,1,59,22,float64,0,0,alive,alive,tctodd2
data\high_quality\tctodd\tctodd2\alive-2.tsd,alive,2,51,22,float64,0,0,alive,alive,tctodd2
data\high_quality\tctodd\tctodd2\alive-3.tsd,alive,3,56,22,float64,0,0,alive,alive,tctodd2
data\high_quality\tctodd\tctodd2\all-1.tsd,all,1,57,22,float64,0,0,all,all,tctodd2
data\high_quality\tctodd\tctodd2\all-2.tsd,all,2,52,22,float64,0,0,all,all,tctodd2
data\high_quality\tctodd\tctodd2\all-3.tsd,all,3,54,22,float64,0,0,all,all,tctodd2
data\high_quality\tctodd\tctodd2\answer-1.tsd,answer,1,47,22,float64,0,0,answer,answer,tctodd2
data\high_quality\tctodd\tctodd2\answer-2.tsd,answer,2,56,22,float64,0,0,answer,answer,tctodd2
data\high_quality\tctodd\tctodd2\answer-3.tsd,answer,3,51,22,float64,0,0,answer,answer,tctodd2
data\high_quality\tctodd\tctodd2\boy-1.tsd,boy,1,51,22,float64,0,0,boy,boy,tctodd2
data\high_quality\tctodd\tctodd2\boy-2.tsd,boy,2,52,22,float64,0,0,boy,boy,tctodd2
data\high_quality\tctodd\tctodd2\boy-3.tsd,boy,3,56,22,float64,0,0,boy,boy,tctodd2
data\high_quality\tctodd\tctodd2\building-1.tsd,building,1,68,22,float64,0,0,building,building,tctodd2
data\high_quality\tctodd\tctodd2\building-2.tsd,building,2,66,22,float64,0,0,building,building,tctodd2
data\high_quality\tctodd\tctodd2\building-3.tsd,building,3,64,22,float64,0,0,building,building,tctodd2
data\high_quality\tctodd\tctodd2\buy-1.tsd,buy,1,53,22,float64,0,0,buy,buy,tctodd2
data\high_quality\tctodd\tctodd2\buy-2.tsd,buy,2,49,22,float64,0,0,buy,buy,tctodd2
data\high_quality\tctodd\tctodd2\buy-3.tsd,buy,3,50,22,float64,0,0,buy,buy,tctodd2
data\high_quality\tctodd\tctodd2\change_mind_-1.tsd,change_mind_,1,53,22,float64,0,0,change_mind_,change_mind_,tctodd2
data\high_quality\tctodd\tctodd2\change_mind_-2.tsd,change_mind_,2,64,22,float64,0,0,change_mind_,change_mind_,tctodd2
data\high_quality\tctodd\tctodd2\change_mind_-3.tsd,change_mind_,3,57,22,float64,0,0,change_mind_,change_mind_,tctodd2
data\high_quality\tctodd\tctodd2\cold-1.tsd,cold,1,53,22,float64,0,0,cold,cold,tctodd2
data\high_quality\tctodd\tctodd2\cold-2.tsd,cold,2,53,22,float64,0,0,cold,cold,tctodd2
data\high_quality\tctodd\tctodd2\cold-3.tsd,cold,3,52,22,float64,0,0,cold,cold,tctodd2
data\high_quality\tctodd\tctodd2\come-1.tsd,come,1,47,22,float64,0,0,come,come,tctodd2
data\high_quality\tctodd\tctodd2\come-2.tsd,come,2,48,22,float64,0,0,come,come,tctodd2
data\high_quality\tctodd\tctodd2\come-3.tsd,come,3,50,22,float64,0,0,come,come,tctodd2
data\high_quality\tctodd\tctodd2\computer_PC_-1.tsd,computer_PC_,1,56,22,float64,0,0,computer_PC_,computer_PC_,tctodd2
data\high_quality\tctodd\tctodd2\computer_PC_-2.tsd,computer_PC_,2,53,22,float64,0,0,computer_PC_,computer_PC_,tctodd2
data\high_quality\tctodd\tctodd2\computer_PC_-3.tsd,computer_PC_,3,58,22,float64,0,0,computer_PC_,computer_PC_,tctodd2
data\high_quality\tctodd\tctodd2\cost-1.tsd,cost,1,81,22,float64,0,0,cost,cost,tctodd2
data\high_quality\tctodd\tctodd2\cost-2.tsd,cost,2,50,22,float64,0,0,cost,cost,tctodd2
data\high_quality\tctodd\tctodd2\cost-3.tsd,cost,3,59,22,float64,0,0,cost,cost,tctodd2
data\high_quality\tctodd\tctodd2\crazy-1.tsd,crazy,1,52,22,float64,0,0,crazy,crazy,tctodd2
data\high_quality\tctodd\tctodd2\crazy-2.tsd,crazy,2,55,22,float64,0,0,crazy,crazy,tctodd2
data\high_quality\tctodd\tctodd2\crazy-3.tsd,crazy,3,55,22,float64,0,0,crazy,crazy,tctodd2
data\high_quality\tctodd\tctodd2\danger-1.tsd,danger,1,51,22,float64,0,0,danger,danger,tctodd2
data\high_quality\tctodd\tctodd2\danger-2.tsd,danger,2,53,22,float64,0,0,danger,danger,tctodd2
data\high_quality\tctodd\tctodd2\danger-3.tsd,danger,3,51,22,float64,0,0,danger,danger,tctodd2
data\high_quality\tctodd\tctodd2\deaf-1.tsd,deaf,1,53,22,float64,0,0,deaf,deaf,tctodd2
data\high_quality\tctodd\tctodd2\deaf-2.tsd,deaf,2,72,22,float64,0,0,deaf,deaf,tctodd2
data\high_quality\tctodd\tctodd2\deaf-3.tsd,deaf,3,52,22,float64,0,0,deaf,deaf,tctodd2
data\high_quality\tctodd\tctodd2\different-1.tsd,different,1,52,22,float64,0,0,different,different,tctodd2
data\high_quality\tctodd\tctodd2\different-2.tsd,different,2,76,22,float64,0,0,different,different,tctodd2
data\high_quality\tctodd\tctodd2\different-3.tsd,different,3,49,22,float64,0,0,different,different,tctodd2
data\high_quality\tctodd\tctodd2\draw-1.tsd,draw,1,50,22,float64,0,0,draw,draw,tctodd2
data\high_quality\tctodd\tctodd2\draw-2.tsd,draw,2,55,22,float64,0,0,draw,draw,tctodd2
data\high_quality\tctodd\tctodd2\draw-3.tsd,draw,3,52,22,float64,0,0,draw,draw,tctodd2
data\high_quality\tctodd\tctodd2\drink-1.tsd,drink,1,54,22,float64,0,0,drink,drink,tctodd2
data\high_quality\tctodd\tctodd2\drink-2.tsd,drink,2,50,22,float64,0,0,drink,drink,tctodd2
data\high_quality\tctodd\tctodd2\drink-3.tsd,drink,3,54,22,float64,0,0,drink,drink,tctodd2
data\high_quality\tctodd\tctodd2\eat-1.tsd,eat,1,50,22,float64,0,0,eat,eat,tctodd2
data\high_quality\tctodd\tctodd2\eat-2.tsd,eat,2,51,22,float64,0,0,eat,eat,tctodd2
data\high_quality\tctodd\tctodd2\eat-3.tsd,eat,3,62,22,float64,0,0,eat,eat,tctodd2
data\high_quality\tctodd\tctodd2\exit-1.tsd,exit,1,56,22,float64,0,0,exit,exit,tctodd2
data\high_quality\tctodd\tctodd2\exit-2.tsd,exit,2,52,22,float64,0,0,exit,exit,tctodd2
data\high_quality\tctodd\tctodd2\exit-3.tsd,exit,3,56,22,float64,0,0,exit,exit,tctodd2
data\high_quality\tctodd\tctodd2\flash-light-1.tsd,flash-light,1,57,22,float64,0,0,flash-light,flash-light,tctodd2
data\high_quality\tctodd\tctodd2\flash-light-2.tsd,flash-light,2,54,22,float64,0,0,flash-light,flash-light,tctodd2
data\high_quality\tctodd\tctodd2\flash-light-3.tsd,flash-light,3,87,22,float64,0,0,flash-light,flash-light,tctodd2
data\high_quality\tctodd\tctodd2\forget-1.tsd,forget,1,53,22,float64,0,0,forget,forget,tctodd2
data\high_quality\tctodd\tctodd2\forget-2.tsd,forget,2,55,22,float64,0,0,forget,forget,tctodd2
data\high_quality\tctodd\tctodd2\forget-3.tsd,forget,3,52,22,float64,0,0,forget,forget,tctodd2
data\high_quality\tctodd\tctodd2\girl-1.tsd,girl,1,56,22,float64,0,0,girl,girl,tctodd2
data\high_quality\tctodd\tctodd2\girl-2.tsd,girl,2,55,22,float64,0,0,girl,girl,tctodd2
data\high_quality\tctodd\tctodd2\girl-3.tsd,girl,3,53,22,float64,0,0,girl,girl,tctodd2
data\high_quality\tctodd\tctodd2\give-1.tsd,give,1,53,22,float64,0,0,give,give,tctodd2
data\high_quality\tctodd\tctodd2\give-2.tsd,give,2,58,22,float64,0,0,give,give,tctodd2
data\high_quality\tctodd\tctodd2\give-3.tsd,give,3,52,22,float64,0,0,give,give,tctodd2
data\high_quality\tctodd\tctodd2\glove-1.tsd,glove,1,55,22,float64,0,0,glove,glove,tctodd2
data\high_quality\tctodd\tctodd2\glove-2.tsd,glove,2,54,22,float64,0,0,glove,glove,tctodd2
data\high_quality\tctodd\tctodd2\glove-3.tsd,glove,3,55,22,float64,0,0,glove,glove,tctodd2
data\high_quality\tctodd\tctodd2\go-1.tsd,go,1,49,22,float64,0,0,go,go,tctodd2
data\high_quality\tctodd\tctodd2\go-2.tsd,go,2,59,22,float64,0,0,go,go,tctodd2
data\high_quality\tctodd\tctodd2\go-3.tsd,go,3,54,22,float64,0,0,go,go,tctodd2
data\high_quality\tctodd\tctodd2\God-1.tsd,God,1,54,22,float64,0,0,God,God,tctodd2
data\high_quality\tctodd\tctodd2\God-2.tsd,God,2,51,22,float64,0,0,God,God,tctodd2
data\high_quality\tctodd\tctodd2\God-3.tsd,God,3,58,22,float64,0,0,God,God,tctodd2
data\high_quality\tctodd\tctodd2\happy-1.tsd,happy,1,60,22,float64,0,0,happy,happy,tctodd2
data\high_quality\tctodd\tctodd2\happy-2.tsd,happy,2,52,22,float64,0,0,happy,happy,tctodd2
data\high_quality\tctodd\tctodd2\happy-3.tsd,happy,3,58,22,float64,0,0,happy,happy,tctodd2
data\high_quality\tctodd\tctodd2\head-1.tsd,head,1,54,22,float64,0,0,head,head,tctodd2
data\high_quality\tctodd\tctodd2\head-2.tsd,head,2,49,22,float64,0,0,head,head,tctodd2
data\high_quality\tctodd\tctodd2\head-3.tsd,head,3,54,22,float64,0,0,head,head,tctodd2
data\high_quality\tctodd\tctodd2\hear-1.tsd,hear,1,59,22,float64,0,0,hear,hear,tctodd2
data\high_quality\tctodd\tctodd2\hear-2.tsd,hear,2,51,22,float64,0,0,hear,hear,tctodd2
data\high_quality\tctodd\tctodd2\hear-3.tsd,hear,3,51,22,float64,0,0,hear,hear,tctodd2
data\high_quality\tctodd\tctodd2\hello-1.tsd,hello,1,47,22,float64,0,0,hello,hello,tctodd2
data\high_quality\tctodd\tctodd2\hello-2.tsd,hello,2,48,22,float64,0,0,hello,hello,tctodd2
data\high_quality\tctodd\tctodd2\hello-3.tsd,hello,3,48,22,float64,0,0,hello,hello,tctodd2
data\high_quality\tctodd\tctodd2\his_hers-1.tsd,his_hers,1,51,22,float64,0,0,his_hers,his_hers,tctodd2
data\high_quality\tctodd\tctodd2\his_hers-2.tsd,his_hers,2,50,22,float64,0,0,his_hers,his_hers,tctodd2
data\high_quality\tctodd\tctodd2\his_hers-3.tsd,his_hers,3,48,22,float64,0,0,his_hers,his_hers,tctodd2
data\high_quality\tctodd\tctodd2\hot-1.tsd,hot,1,52,22,float64,0,0,hot,hot,tctodd2
data\high_quality\tctodd\tctodd2\hot-2.tsd,hot,2,50,22,float64,0,0,hot,hot,tctodd2
data\high_quality\tctodd\tctodd2\hot-3.tsd,hot,3,51,22,float64,0,0,hot,hot,tctodd2
data\high_quality\tctodd\tctodd2\how-1.tsd,how,1,47,22,float64,0,0,how,how,tctodd2
data\high_quality\tctodd\tctodd2\how-2.tsd,how,2,56,22,float64,0,0,how,how,tctodd2
data\high_quality\tctodd\tctodd2\how-3.tsd,how,3,53,22,float64,0,0,how,how,tctodd2
data\high_quality\tctodd\tctodd2\hurry-1.tsd,hurry,1,54,22,float64,0,0,hurry,hurry,tctodd2
data\high_quality\tctodd\tctodd2\hurry-2.tsd,hurry,2,54,22,float64,0,0,hurry,hurry,tctodd2
data\high_quality\tctodd\tctodd2\hurry-3.tsd,hurry,3,49,22,float64,0,0,hurry,hurry,tctodd2
data\high_quality\tctodd\tctodd2\hurt-1.tsd,hurt,1,55,22,float64,0,0,hurt,hurt,tctodd2
data\high_quality\tctodd\tctodd2\hurt-2.tsd,hurt,2,56,22,float64,0,0,hurt,hurt,tctodd2
data\high_quality\tctodd\tctodd2\hurt-3.tsd,hurt,3,52,22,float64,0,0,hurt,hurt,tctodd2
data\high_quality\tctodd\tctodd2\I-1.tsd,I,1,50,22,float64,0,0,I,I,tctodd2
data\high_quality\tctodd\tctodd2\I-2.tsd,I,2,52,22,float64,0,0,I,I,tctodd2
data\high_quality\tctodd\tctodd2\I-3.tsd,I,3,52,22,float64,0,0,I,I,tctodd2
data\high_quality\tctodd\tctodd2\innocent-1.tsd,innocent,1,50,22,float64,0,0,innocent,innocent,tctodd2
data\high_quality\tctodd\tctodd2\innocent-2.tsd,innocent,2,55,22,float64,0,0,innocent,innocent,tctodd2
data\high_quality\tctodd\tctodd2\innocent-3.tsd,innocent,3,71,22,float64,0,0,innocent,innocent,tctodd2
data\high_quality\tctodd\tctodd2\is_true_-1.tsd,is_true_,1,50,22,float64,0,0,is_true_,is_true_,tctodd2
data\high_quality\tctodd\tctodd2\is_true_-2.tsd,is_true_,2,63,22,float64,0,0,is_true_,is_true_,tctodd2
data\high_quality\tctodd\tctodd2\is_true_-3.tsd,is_true_,3,54,22,float64,0,0,is_true_,is_true_,tctodd2
data\high_quality\tctodd\tctodd2\joke-1.tsd,joke,1,70,22,float64,0,0,joke,joke,tctodd2
data\high_quality\tctodd\tctodd2\joke-2.tsd,joke,2,55,22,float64,0,0,joke,joke,tctodd2
data\high_quality\tctodd\tctodd2\joke-3.tsd,joke,3,61,22,float64,0,0,joke,joke,tctodd2
data\high_quality\tctodd\tctodd2\juice-1.tsd,juice,1,58,22,float64,0,0,juice,juice,tctodd2
data\high_quality\tctodd\tctodd2\juice-2.tsd,juice,2,60,22,float64,0,0,juice,juice,tctodd2
data\high_quality\tctodd\tctodd2\juice-3.tsd,juice,3,64,22,float64,0,0,juice,juice,tctodd2
data\high_quality\tctodd\tctodd2\know-1.tsd,know,1,58,22,float64,0,0,know,know,tctodd2
data\high_quality\tctodd\tctodd2\know-2.tsd,know,2,53,22,float64,0,0,know,know,tctodd2
data\high_quality\tctodd\tctodd2\know-3.tsd,know,3,52,22,float64,0,0,know,know,tctodd2
data\high_quality\tctodd\tctodd2\later-1.tsd,later,1,50,22,float64,0,0,later,later,tctodd2
data\high_quality\tctodd\tctodd2\later-2.tsd,later,2,77,22,float64,0,0,later,later,tctodd2
data\high_quality\tctodd\tctodd2\later-3.tsd,later,3,53,22,float64,0,0,later,later,tctodd2
data\high_quality\tctodd\tctodd2\lose-1.tsd,lose,1,54,22,float64,0,0,lose,lose,tctodd2
data\high_quality\tctodd\tctodd2\lose-2.tsd,lose,2,54,22,float64,0,0,lose,lose,tctodd2
data\high_quality\tctodd\tctodd2\lose-3.tsd,lose,3,49,22,float64,0,0,lose,lose,tctodd2
data\high_quality\tctodd\tctodd2\love-1.tsd,love,1,63,22,float64,0,0,love,love,tctodd2
data\high_quality\tctodd\tctodd2\love-2.tsd,love,2,53,22,float64,0,0,love,love,tctodd2
data\high_quality\tctodd\tctodd2\love-3.tsd,love,3,59,22,float64,0,0,love,love,tctodd2
data\high_quality\tctodd\tctodd2\make-1.tsd,make,1,51,22,float64,0,0,make,make,tctodd2
data\high_quality\tctodd\tctodd2\make-2.tsd,make,2,53,22,float64,0,0,make,make,tctodd2
data\high_quality\tctodd\tctodd2\make-3.tsd,make,3,51,22,float64,0,0,make,make,tctodd2
data\high_quality\tctodd\tctodd2\man-1.tsd,man,1,49,22,float64,0,0,man,man,tctodd2
data\high_quality\tctodd\tctodd2\man-2.tsd,man,2,55,22,float64,0,0,man,man,tctodd2
data\high_quality\tctodd\tctodd2\man-3.tsd,man,3,48,22,float64,0,0,man,man,tctodd2
data\high_quality\tctodd\tctodd2\maybe-1.tsd,maybe,1,49,22,float64,0,0,maybe,maybe,tctodd2
data\high_quality\tctodd\tctodd2\maybe-2.tsd,maybe,2,50,22,float64,0,0,maybe,maybe,tctodd2
data\high_quality\tctodd\tctodd2\maybe-3.tsd,maybe,3,49,22,float64,0,0,maybe,maybe,tctodd2
data\high_quality\tctodd\tctodd2\mine-1.tsd,mine,1,53,22,float64,0,0,mine,mine,tctodd2
data\high_quality\tctodd\tctodd2\mine-2.tsd,mine,2,48,22,float64,0,0,mine,mine,tctodd2
data\high_quality\tctodd\tctodd2\mine-3.tsd,mine,3,45,22,float64,0,0,mine,mine,tctodd2
data\high_quality\tctodd\tctodd2\money-1.tsd,money,1,49,22,float64,0,0,money,money,tctodd2
data\high_quality\tctodd\tctodd2\money-2.tsd,money,2,50,22,float64,0,0,money,money,tctodd2
data\high_quality\tctodd\tctodd2\money-3.tsd,money,3,57,22,float64,0,0,money,money,tctodd2
data\high_quality\tctodd\tctodd2\more-1.tsd,more,1,54,22,float64,0,0,more,more,tctodd2
data\high_quality\tctodd\tctodd2\more-2.tsd,more,2,55,22,float64,0,0,more,more,tctodd2
data\high_quality\tctodd\tctodd2\more-3.tsd,more,3,49,22,float64,0,0,more,more,tctodd2
data\high_quality\tctodd\tctodd2\name-1.tsd,name,1,53,22,float64,0,0,name,name,tctodd2
data\high_quality\tctodd\tctodd2\name-2.tsd,name,2,51,22,float64,0,0,name,name,tctodd2
data\high_quality\tctodd\tctodd2\name-3.tsd,name,3,52,22,float64,0,0,name,name,tctodd2
data\high_quality\tctodd\tctodd2\no-1.tsd,no,1,50,22,float64,0,0,no,no,tctodd2
data\high_quality\tctodd\tctodd2\no-2.tsd,no,2,64,22,float64,0,0,no,no,tctodd2
data\high_quality\tctodd\tctodd2\no-3.tsd,no,3,49,22,float64,0,0,no,no,tctodd2
data\high_quality\tctodd\tctodd2\Norway-1.tsd,Norway,1,58,22,float64,0,0,Norway,Norway,tctodd2
data\high_quality\tctodd\tctodd2\Norway-2.tsd,Norway,2,54,22,float64,0,0,Norway,Norway,tctodd2
data\high_quality\tctodd\tctodd2\Norway-3.tsd,Norway,3,52,22,float64,0,0,Norway,Norway,tctodd2
data\high_quality\tctodd\tctodd2\not-my-problem-1.tsd,not-my-problem,1,47,22,float64,0,0,not-my-problem,not-my-problem,tctodd2
data\high_quality\tctodd\tctodd2\not-my-problem-2.tsd,not-my-problem,2,66,22,float64,0,0,not-my-problem,not-my-problem,tctodd2
data\high_quality\tctodd\tctodd2\not-my-problem-3.tsd,not-my-problem,3,50,22,float64,0,0,not-my-problem,not-my-problem,tctodd2
data\high_quality\tctodd\tctodd2\paper-1.tsd,paper,1,53,22,float64,0,0,paper,paper,tctodd2
data\high_quality\tctodd\tctodd2\paper-2.tsd,paper,2,51,22,float64,0,0,paper,paper,tctodd2
data\high_quality\tctodd\tctodd2\paper-3.tsd,paper,3,51,22,float64,0,0,paper,paper,tctodd2
data\high_quality\tctodd\tctodd2\pen-1.tsd,pen,1,52,22,float64,0,0,pen,pen,tctodd2
data\high_quality\tctodd\tctodd2\pen-2.tsd,pen,2,53,22,float64,0,0,pen,pen,tctodd2
data\high_quality\tctodd\tctodd2\pen-3.tsd,pen,3,50,22,float64,0,0,pen,pen,tctodd2
data\high_quality\tctodd\tctodd2\please-1.tsd,please,1,52,22,float64,0,0,please,please,tctodd2
data\high_quality\tctodd\tctodd2\please-2.tsd,please,2,51,22,float64,0,0,please,please,tctodd2
data\high_quality\tctodd\tctodd2\please-3.tsd,please,3,50,22,float64,0,0,please,please,tctodd2
data\high_quality\tctodd\tctodd2\polite-1.tsd,polite,1,52,22,float64,0,0,polite,polite,tctodd2
data\high_quality\tctodd\tctodd2\polite-2.tsd,polite,2,52,22,float64,0,0,polite,polite,tctodd2
data\high_quality\tctodd\tctodd2\polite-3.tsd,polite,3,51,22,float64,0,0,polite,polite,tctodd2
data\high_quality\tctodd\tctodd2\question-1.tsd,question,1,54,22,float64,0,0,question,question,tctodd2
data\high_quality\tctodd\tctodd2\question-2.tsd,question,2,52,22,float64,0,0,question,question,tctodd2
data\high_quality\tctodd\tctodd2\question-3.tsd,question,3,50,22,float64,0,0,question,question,tctodd2
data\high_quality\tctodd\tctodd2\read-1.tsd,read,1,61,22,float64,0,0,read,read,tctodd2
data\high_quality\tctodd\tctodd2\read-2.tsd,read,2,56,22,float64,0,0,read,read,tctodd2
data\high_quality\tctodd\tctodd2\read-3.tsd,read,3,69,22,float64,0,0,read,read,tctodd2
data\high_quality\tctodd\tctodd2\ready-1.tsd,ready,1,73,22,float64,0,0,ready,ready,tctodd2
data\high_quality\tctodd\tctodd2\ready-2.tsd,ready,2,52,22,float64,0,0,ready,ready,tctodd2
data\high_quality\tctodd\tctodd2\ready-3.tsd,ready,3,54,22,float64,0,0,ready,ready,tctodd2
data\high_quality\tctodd\tctodd2\research-1.tsd,research,1,80,22,float64,0,0,research,research,tctodd2
data\high_quality\tctodd\tctodd2\research-2.tsd,research,2,57,22,float64,0,0,research,research,tctodd2
data\high_quality\tctodd\tctodd2\research-3.tsd,research,3,59,22,float64,0,0,research,research,tctodd2
data\high_quality\tctodd\tctodd2\responsible-1.tsd,responsible,1,58,22,float64,0,0,responsible,responsible,tctodd2
data\high_quality\tctodd\tctodd2\responsible-2.tsd,responsible,2,56,22,float64,0,0,responsible,responsible,tctodd2
data\high_quality\tctodd\tctodd2\responsible-3.tsd,responsible,3,52,22,float64,0,0,responsible,responsible,tctodd2
data\high_quality\tctodd\tctodd2\right-1.tsd,right,1,48,22,float64,0,0,right,right,tctodd2
data\high_quality\tctodd\tctodd2\right-2.tsd,right,2,52,22,float64,0,0,right,right,tctodd2
data\high_quality\tctodd\tctodd2\right-3.tsd,right,3,48,22,float64,0,0,right,right,tctodd2
data\high_quality\tctodd\tctodd2\sad-1.tsd,sad,1,56,22,float64,0,0,sad,sad,tctodd2
data\high_quality\tctodd\tctodd2\sad-2.tsd,sad,2,52,22,float64,0,0,sad,sad,tctodd2
data\high_quality\tctodd\tctodd2\sad-3.tsd,sad,3,53,22,float64,0,0,sad,sad,tctodd2
data\high_quality\tctodd\tctodd2\same-1.tsd,same,1,51,22,float64,0,0,same,same,tctodd2
data\high_quality\tctodd\tctodd2\same-2.tsd,same,2,53,22,float64,0,0,same,same,tctodd2
data\high_quality\tctodd\tctodd2\same-3.tsd,same,3,51,22,float64,0,0,same,same,tctodd2
data\high_quality\tctodd\tctodd2\science-1.tsd,science,1,62,22,float64,0,0,science,science,tctodd2
data\high_quality\tctodd\tctodd2\science-2.tsd,science,2,57,22,float64,0,0,science,science,tctodd2
data\high_quality\tctodd\tctodd2\science-3.tsd,science,3,58,22,float64,0,0,science,science,tctodd2
data\high_quality\tctodd\tctodd2\share-1.tsd,share,1,58,22,float64,0,0,share,share,tctodd2
data\high_quality\tctodd\tctodd2\share-2.tsd,share,2,59,22,float64,0,0,share,share,tctodd2
data\high_quality\tctodd\tctodd2\share-3.tsd,share,3,58,22,float64,0,0,share,share,tctodd2
data\high_quality\tctodd\tctodd2\shop-1.tsd,shop,1,51,22,float64,0,0,shop,shop,tctodd2
data\high_quality\tctodd\tctodd2\shop-2.tsd,shop,2,58,22,float64,0,0,shop,shop,tctodd2
data\high_quality\tctodd\tctodd2\shop-3.tsd,shop,3,57,22,float64,0,0,shop,shop,tctodd2
data\high_quality\tctodd\tctodd2\soon-1.tsd,soon,1,55,22,float64,0,0,soon,soon,tctodd2
data\high_quality\tctodd\tctodd2\soon-2.tsd,soon,2,54,22,float64,0,0,soon,soon,tctodd2
data\high_quality\tctodd\tctodd2\soon-3.tsd,soon,3,55,22,float64,0,0,soon,soon,tctodd2
data\high_quality\tctodd\tctodd2\sorry-1.tsd,sorry,1,54,22,float64,0,0,sorry,sorry,tctodd2
data\high_quality\tctodd\tctodd2\sorry-2.tsd,sorry,2,53,22,float64,0,0,sorry,sorry,tctodd2
data\high_quality\tctodd\tctodd2\sorry-3.tsd,sorry,3,51,22,float64,0,0,sorry,sorry,tctodd2
data\high_quality\tctodd\tctodd2\spend-1.tsd,spend,1,57,22,float64,0,0,spend,spend,tctodd2
data\high_quality\tctodd\tctodd2\spend-2.tsd,spend,2,68,22,float64,0,0,spend,spend,tctodd2
data\high_quality\tctodd\tctodd2\spend-3.tsd,spend,3,53,22,float64,0,0,spend,spend,tctodd2
data\high_quality\tctodd\tctodd2\stubborn-1.tsd,stubborn,1,50,22,float64,0,0,stubborn,stubborn,tctodd2
data\high_quality\tctodd\tctodd2\stubborn-2.tsd,stubborn,2,56,22,float64,0,0,stubborn,stubborn,tctodd2
data\high_quality\tctodd\tctodd2\stubborn-3.tsd,stubborn,3,50,22,float64,0,0,stubborn,stubborn,tctodd2
data\high_quality\tctodd\tctodd2\surprise-1.tsd,surprise,1,50,22,float64,0,0,surprise,surprise,tctodd2
data\high_quality\tctodd\tctodd2\surprise-2.tsd,surprise,2,51,22,float64,0,0,surprise,surprise,tctodd2
data\high_quality\tctodd\tctodd2\surprise-3.tsd,surprise,3,52,22,float64,0,0,surprise,surprise,tctodd2
data\high_quality\tctodd\tctodd2\take-1.tsd,take,1,49,22,float64,0,0,take,take,tctodd2
data\high_quality\tctodd\tctodd2\take-2.tsd,take,2,52,22,float64,0,0,take,take,tctodd2
data\high_quality\tctodd\tctodd2\take-3.tsd,take,3,52,22,float64,0,0,take,take,tctodd2
data\high_quality\tctodd\tctodd2\temper-1.tsd,temper,1,63,22,float64,0,0,temper,temper,tctodd2
data\high_quality\tctodd\tctodd2\temper-2.tsd,temper,2,62,22,float64,0,0,temper,temper,tctodd2
data\high_quality\tctodd\tctodd2\temper-3.tsd,temper,3,53,22,float64,0,0,temper,temper,tctodd2
data\high_quality\tctodd\tctodd2\thank-1.tsd,thank,1,51,22,float64,0,0,thank,thank,tctodd2
data\high_quality\tctodd\tctodd2\thank-2.tsd,thank,2,49,22,float64,0,0,thank,thank,tctodd2
data\high_quality\tctodd\tctodd2\thank-3.tsd,thank,3,58,22,float64,0,0,thank,thank,tctodd2
data\high_quality\tctodd\tctodd2\think-1.tsd,think,1,52,22,float64,0,0,think,think,tctodd2
data\high_quality\tctodd\tctodd2\think-2.tsd,think,2,53,22,float64,0,0,think,think,tctodd2
data\high_quality\tctodd\tctodd2\think-3.tsd,think,3,49,22,float64,0,0,think,think,tctodd2
data\high_quality\tctodd\tctodd2\tray-1.tsd,tray,1,60,22,float64,0,0,tray,tray,tctodd2
data\high_quality\tctodd\tctodd2\tray-2.tsd,tray,2,61,22,float64,0,0,tray,tray,tctodd2
data\high_quality\tctodd\tctodd2\tray-3.tsd,tray,3,59,22,float64,0,0,tray,tray,tctodd2
data\high_quality\tctodd\tctodd2\us-1.tsd,us,1,51,22,float64,0,0,us,us,tctodd2
data\high_quality\tctodd\tctodd2\us-2.tsd,us,2,52,22,float64,0,0,us,us,tctodd2
data\high_quality\tctodd\tctodd2\us-3.tsd,us,3,52,22,float64,0,0,us,us,tctodd2
data\high_quality\tctodd\tctodd2\voluntary-1.tsd,voluntary,1,57,22,float64,0,0,voluntary,voluntary,tctodd2
data\high_quality\tctodd\tctodd2\voluntary-2.tsd,voluntary,2,56,22,float64,0,0,voluntary,voluntary,tctodd2
data\high_quality\tctodd\tctodd2\voluntary-3.tsd,voluntary,3,54,22,float64,0,0,voluntary,voluntary,tctodd2
data\high_quality\tctodd\tctodd2\wait_notyet_-1.tsd,wait_notyet_,1,51,22,float64,0,0,wait_notyet_,wait_notyet_,tctodd2
data\high_quality\tctodd\tctodd2\wait_notyet_-2.tsd,wait_notyet_,2,57,22,float64,0,0,wait_notyet_,wait_notyet_,tctodd2
data\high_quality\tctodd\tctodd2\wait_notyet_-3.tsd,wait_notyet_,3,55,22,float64,0,0,wait_notyet_,wait_notyet_,tctodd2
data\high_quality\tctodd\tctodd2\what-1.tsd,what,1,51,22,float64,0,0,what,what,tctodd2
data\high_quality\tctodd\tctodd2\what-2.tsd,what,2,52,22,float64,0,0,what,what,tctodd2
data\high_quality\tctodd\tctodd2\what-3.tsd,what,3,52,22,float64,0,0,what,what,tctodd2
data\high_quality\tctodd\tctodd2\when-1.tsd,when,1,53,22,float64,0,0,when,when,tctodd2
data\high_quality\tctodd\tctodd2\when-2.tsd,when,2,54,22,float64,0,0,when,when,tctodd2
data\high_quality\tctodd\tctodd2\when-3.tsd,when,3,52,22,float64,0,0,when,when,tctodd2
data\high_quality\tctodd\tctodd2\where-1.tsd,where,1,54,22,float64,0,0,where,where,tctodd2
data\high_quality\tctodd\tctodd2\where-2.tsd,where,2,56,22,float64,0,0,where,where,tctodd2
data\high_quality\tctodd\tctodd2\where-3.tsd,where,3,55,22,float64,0,0,where,where,tctodd2
data\high_quality\tctodd\tctodd2\which-1.tsd,which,1,55,22,float64,0,0,which,which,tctodd2
data\high_quality\tctodd\tctodd2\which-2.tsd,which,2,53,22,float64,0,0,which,which,tctodd2
data\high_quality\tctodd\tctodd2\which-3.tsd,which,3,53,22,float64,0,0,which,which,tctodd2
data\high_quality\tctodd\tctodd2\who-1.tsd,who,1,53,22,float64,0,0,who,who,tctodd2
data\high_quality\tctodd\tctodd2\who-2.tsd,who,2,49,22,float64,0,0,who,who,tctodd2
data\high_quality\tctodd\tctodd2\who-3.tsd,who,3,55,22,float64,0,0,who,who,tctodd2
data\high_quality\tctodd\tctodd2\why-1.tsd,why,1,50,22,float64,0,0,why,why,tctodd2
data\high_quality\tctodd\tctodd2\why-2.tsd,why,2,49,22,float64,0,0,why,why,tctodd2
data\high_quality\tctodd\tctodd2\why-3.tsd,why,3,57,22,float64,0,0,why,why,tctodd2
data\high_quality\tctodd\tctodd2\wild-1.tsd,wild,1,57,22,float64,0,0,wild,wild,tctodd2
data\high_quality\tctodd\tctodd2\wild-2.tsd,wild,2,56,22,float64,0,0,wild,wild,tctodd2
data\high_quality\tctodd\tctodd2\wild-3.tsd,wild,3,54,22,float64,0,0,wild,wild,tctodd2
data\high_quality\tctodd\tctodd2\will-1.tsd,will,1,56,22,float64,0,0,will,will,tctodd2
data\high_quality\tctodd\tctodd2\will-2.tsd,will,2,53,22,float64,0,0,will,will,tctodd2
data\high_quality\tctodd\tctodd2\will-3.tsd,will,3,51,22,float64,0,0,will,will,tctodd2
data\high_quality\tctodd\tctodd2\write-1.tsd,write,1,63,22,float64,0,0,write,write,tctodd2
data\high_quality\tctodd\tctodd2\write-2.tsd,write,2,58,22,float64,0,0,write,write,tctodd2
data\high_quality\tctodd\tctodd2\write-3.tsd,write,3,61,22,float64,0,0,write,write,tctodd2
data\high_quality\tctodd\tctodd2\wrong-1.tsd,wrong,1,53,22,float64,0,0,wrong,wrong,tctodd2
data\high_quality\tctodd\tctodd2\wrong-2.tsd,wrong,2,51,22,float64,0,0,wrong,wrong,tctodd2
data\high_quality\tctodd\tctodd2\wrong-3.tsd,wrong,3,50,22,float64,0,0,wrong,wrong,tctodd2
data\high_quality\tctodd\tctodd2\yes-1.tsd,yes,1,49,22,float64,0,0,yes,yes,tctodd2
data\high_quality\tctodd\tctodd2\yes-2.tsd,yes,2,78,22,float64,0,0,yes,yes,tctodd2
data\high_quality\tctodd\tctodd2\yes-3.tsd,yes,3,53,22,float64,0,0,yes,yes,tctodd2
data\high_quality\tctodd\tctodd2\you-1.tsd,you,1,48,22,float64,0,0,you,you,tctodd2
data\high_quality\tctodd\tctodd2\you-2.tsd,you,2,50,22,float64,0,0,you,you,tctodd2
data\high_quality\tctodd\tctodd2\you-3.tsd,you,3,48,22,float64,0,0,you,you,tctodd2
data\high_quality\tctodd\tctodd2\zero-1.tsd,zero,1,50,22,float64,0,0,zero,zero,tctodd2
data\high_quality\tctodd\tctodd2\zero-2.tsd,zero,2,53,22,float64,0,0,zero,zero,tctodd2
data\high_quality\tctodd\tctodd2\zero-3.tsd,zero,3,54,22,float64,0,0,zero,zero,tctodd2
data\high_quality\tctodd\tctodd3\alive-1.tsd,alive,1,57,22,float64,0,0,alive,alive,tctodd3
data\high_quality\tctodd\tctodd3\alive-2.tsd,alive,2,51,22,float64,0,0,alive,alive,tctodd3
data\high_quality\tctodd\tctodd3\alive-3.tsd,alive,3,66,22,float64,0,0,alive,alive,tctodd3
data\high_quality\tctodd\tctodd3\all-1.tsd,all,1,58,22,float64,0,0,all,all,tctodd3
data\high_quality\tctodd\tctodd3\all-2.tsd,all,2,61,22,float64,0,0,all,all,tctodd3
data\high_quality\tctodd\tctodd3\all-3.tsd,all,3,61,22,float64,0,0,all,all,tctodd3
data\high_quality\tctodd\tctodd3\answer-1.tsd,answer,1,56,22,float64,0,0,answer,answer,tctodd3
data\high_quality\tctodd\tctodd3\answer-2.tsd,answer,2,53,22,float64,0,0,answer,answer,tctodd3
data\high_quality\tctodd\tctodd3\answer-3.tsd,answer,3,55,22,float64,0,0,answer,answer,tctodd3
data\high_quality\tctodd\tctodd3\boy-1.tsd,boy,1,54,22,float64,0,0,boy,boy,tctodd3
data\high_quality\tctodd\tctodd3\boy-2.tsd,boy,2,54,22,float64,0,0,boy,boy,tctodd3
data\high_quality\tctodd\tctodd3\boy-3.tsd,boy,3,54,22,float64,0,0,boy,boy,tctodd3
data\high_quality\tctodd\tctodd3\building-1.tsd,building,1,73,22,float64,0,0,building,building,tctodd3
data\high_quality\tctodd\tctodd3\building-2.tsd,building,2,86,22,float64,0,0,building,building,tctodd3
data\high_quality\tctodd\tctodd3\building-3.tsd,building,3,62,22,float64,0,0,building,building,tctodd3
data\high_quality\tctodd\tctodd3\buy-1.tsd,buy,1,54,22,float64,0,0,buy,buy,tctodd3
data\high_quality\tctodd\tctodd3\buy-2.tsd,buy,2,54,22,float64,0,0,buy,buy,tctodd3
data\high_quality\tctodd\tctodd3\buy-3.tsd,buy,3,52,22,float64,0,0,buy,buy,tctodd3
data\high_quality\tctodd\tctodd3\change_mind_-1.tsd,change_mind_,1,56,22,float64,0,0,change_mind_,change_mind_,tctodd3
data\high_quality\tctodd\tctodd3\change_mind_-2.tsd,change_mind_,2,55,22,float64,0,0,change_mind_,change_mind_,tctodd3
data\high_quality\tctodd\tctodd3\change_mind_-3.tsd,change_mind_,3,57,22,float64,0,0,change_mind_,change_mind_,tctodd3
data\high_quality\tctodd\tctodd3\cold-1.tsd,cold,1,56,22,float64,0,0,cold,cold,tctodd3
data\high_quality\tctodd\tctodd3\cold-2.tsd,cold,2,56,22,float64,0,0,cold,cold,tctodd3
data\high_quality\tctodd\tctodd3\cold-3.tsd,cold,3,54,22,float64,0,0,cold,cold,tctodd3
data\high_quality\tctodd\tctodd3\come-1.tsd,come,1,51,22,float64,0,0,come,come,tctodd3
data\high_quality\tctodd\tctodd3\come-2.tsd,come,2,50,22,float64,0,0,come,come,tctodd3
data\high_quality\tctodd\tctodd3\come-3.tsd,come,3,58,22,float64,0,0,come,come,tctodd3
data\high_quality\tctodd\tctodd3\computer_PC_-1.tsd,computer_PC_,1,59,22,float64,0,0,computer_PC_,computer_PC_,tctodd3
data\high_quality\tctodd\tctodd3\computer_PC_-2.tsd,computer_PC_,2,62,22,float64,0,0,computer_PC_,computer_PC_,tctodd3
data\high_quality\tctodd\tctodd3\computer_PC_-3.tsd,computer_PC_,3,60,22,float64,0,0,computer_PC_,computer_PC_,tctodd3
data\high_quality\tctodd\tctodd3\cost-1.tsd,cost,1,57,22,float64,0,0,cost,cost,tctodd3
data\high_quality\tctodd\tctodd3\cost-2.tsd,cost,2,56,22,float64,0,0,cost,cost,tctodd3
data\high_quality\tctodd\tctodd3\cost-3.tsd,cost,3,57,22,float64,0,0,cost,cost,tctodd3
data\high_quality\tctodd\tctodd3\crazy-1.tsd,crazy,1,53,22,float64,0,0,crazy,crazy,tctodd3
data\high_quality\tctodd\tctodd3\crazy-2.tsd,crazy,2,69,22,float64,0,0,crazy,crazy,tctodd3
data\high_quality\tctodd\tctodd3\crazy-3.tsd,crazy,3,54,22,float64,0,0,crazy,crazy,tctodd3
data\high_quality\tctodd\tctodd3\danger-1.tsd,danger,1,57,22,float64,0,0,danger,danger,tctodd3
data\high_quality\tctodd\tctodd3\danger-2.tsd,danger,2,54,22,float64,0,0,danger,danger,tctodd3
data\high_quality\tctodd\tctodd3\danger-3.tsd,danger,3,56,22,float64,0,0,danger,danger,tctodd3
data\high_quality\tctodd\tctodd3\deaf-1.tsd,deaf,1,56,22,float64,0,0,deaf,deaf,tctodd3
data\high_quality\tctodd\tctodd3\deaf-2.tsd,deaf,2,55,22,float64,0,0,deaf,deaf,tctodd3
data\high_quality\tctodd\tctodd3\deaf-3.tsd,deaf,3,56,22,float64,0,0,deaf,deaf,tctodd3
data\high_quality\tctodd\tctodd3\different-1.tsd,different,1,56,22,float64,0,0,different,different,tctodd3
data\high_quality\tctodd\tctodd3\different-2.tsd,different,2,55,22,float64,0,0,different,different,tctodd3
data\high_quality\tctodd\tctodd3\different-3.tsd,different,3,52,22,float64,0,0,different,different,tctodd3
data\high_quality\tctodd\tctodd3\draw-1.tsd,draw,1,51,22,float64,0,0,draw,draw,tctodd3
data\high_quality\tctodd\tctodd3\draw-2.tsd,draw,2,57,22,float64,0,0,draw,draw,tctodd3
data\high_quality\tctodd\tctodd3\draw-3.tsd,draw,3,81,22,float64,0,0,draw,draw,tctodd3
data\high_quality\tctodd\tctodd3\drink-1.tsd,drink,1,55,22,float64,0,0,drink,drink,tctodd3
data\high_quality\tctodd\tctodd3\drink-2.tsd,drink,2,55,22,float64,0,0,drink,drink,tctodd3
data\high_quality\tctodd\tctodd3\drink-3.tsd,drink,3,55,22,float64,0,0,drink,drink,tctodd3
data\high_quality\tctodd\tctodd3\eat-1.tsd,eat,1,57,22,float64,0,0,eat,eat,tctodd3
data\high_quality\tctodd\tctodd3\eat-2.tsd,eat,2,53,22,float64,0,0,eat,eat,tctodd3
data\high_quality\tctodd\tctodd3\eat-3.tsd,eat,3,51,22,float64,0,0,eat,eat,tctodd3
data\high_quality\tctodd\tctodd3\exit-1.tsd,exit,1,53,22,float64,0,0,exit,exit,tctodd3
data\high_quality\tctodd\tctodd3\exit-2.tsd,exit,2,54,22,float64,0,0,exit,exit,tctodd3
data\high_quality\tctodd\tctodd3\exit-3.tsd,exit,3,53,22,float64,0,0,exit,exit,tctodd3
data\high_quality\tctodd\tctodd3\flash-light-1.tsd,flash-light,1,57,22,float64,0,0,flash-light,flash-light,tctodd3
data\high_quality\tctodd\tctodd3\flash-light-2.tsd,flash-light,2,60,22,float64,0,0,flash-light,flash-light,tctodd3
data\high_quality\tctodd\tctodd3\flash-light-3.tsd,flash-light,3,56,22,float64,0,0,flash-light,flash-light,tctodd3
data\high_quality\tctodd\tctodd3\forget-1.tsd,forget,1,55,22,float64,0,0,forget,forget,tctodd3
data\high_quality\tctodd\tctodd3\forget-2.tsd,forget,2,58,22,float64,0,0,forget,forget,tctodd3
data\high_quality\tctodd\tctodd3\forget-3.tsd,forget,3,53,22,float64,0,0,forget,forget,tctodd3
data\high_quality\tctodd\tctodd3\girl-1.tsd,girl,1,55,22,float64,0,0,girl,girl,tctodd3
data\high_quality\tctodd\tctodd3\girl-2.tsd,girl,2,82,22,float64,0,0,girl,girl,tctodd3
data\high_quality\tctodd\tctodd3\girl-3.tsd,girl,3,52,22,float64,0,0,girl,girl,tctodd3
data\high_quality\tctodd\tctodd3\give-1.tsd,give,1,55,22,float64,0,0,give,give,tctodd3
data\high_quality\tctodd\tctodd3\give-2.tsd,give,2,58,22,float64,0,0,give,give,tctodd3
data\high_quality\tctodd\tctodd3\give-3.tsd,give,3,72,22,float64,0,0,give,give,tctodd3
data\high_quality\tctodd\tctodd3\glove-1.tsd,glove,1,64,22,float64,0,0,glove,glove,tctodd3
data\high_quality\tctodd\tctodd3\glove-2.tsd,glove,2,56,22,float64,0,0,glove,glove,tctodd3
data\high_quality\tctodd\tctodd3\glove-3.tsd,glove,3,53,22,float64,0,0,glove,glove,tctodd3
data\high_quality\tctodd\tctodd3\go-1.tsd,go,1,57,22,float64,0,0,go,go,tctodd3
data\high_quality\tctodd\tctodd3\go-2.tsd,go,2,53,22,float64,0,0,go,go,tctodd3
data\high_quality\tctodd\tctodd3\go-3.tsd,go,3,49,22,float64,0,0,go,go,tctodd3
data\high_quality\tctodd\tctodd3\God-1.tsd,God,1,64,22,float64,0,0,God,God,tctodd3
data\high_quality\tctodd\tctodd3\God-2.tsd,God,2,56,22,float64,0,0,God,God,tctodd3
data\high_quality\tctodd\tctodd3\God-3.tsd,God,3,58,22,float64,0,0,God,God,tctodd3
data\high_quality\tctodd\tctodd3\happy-1.tsd,happy,1,59,22,float64,0,0,happy,happy,tctodd3
data\high_quality\tctodd\tctodd3\happy-2.tsd,happy,2,55,22,float64,0,0,happy,happy,tctodd3
data\high_quality\tctodd\tctodd3\happy-3.tsd,happy,3,54,22,float64,0,0,happy,happy,tctodd3
data\high_quality\tctodd\tctodd3\head-1.tsd,head,1,64,22,float64,0,0,head,head,tctodd3
data\high_quality\tctodd\tctodd3\head-2.tsd,head,2,58,22,float64,0,0,head,head,tctodd3
data\high_quality\tctodd\tctodd3\head-3.tsd,head,3,53,22,float64,0,0,head,head,tctodd3
data\high_quality\tctodd\tctodd3\hear-1.tsd,hear,1,56,22,float64,0,0,hear,hear,tctodd3
data\high_quality\tctodd\tctodd3\hear-2.tsd,hear,2,54,22,float64,0,0,hear,hear,tctodd3
data\high_quality\tctodd\tctodd3\hear-3.tsd,hear,3,53,22,float64,0,0,hear,hear,tctodd3
data\high_quality\tctodd\tctodd3\hello-1.tsd,hello,1,54,22,float64,0,0,hello,hello,tctodd3
data\high_quality\tctodd\tctodd3\hello-2.tsd,hello,2,51,22,float64,0,0,hello,hello,tctodd3
data\high_quality\tctodd\tctodd3\hello-3.tsd,hello,3,49,22,float64,0,0,hello,hello,tctodd3
data\high_quality\tctodd\tctodd3\his_hers-1.tsd,his_hers,1,52,22,float64,0,0,his_hers,his_hers,tctodd3
data\high_quality\tctodd\tctodd3\his_hers-2.tsd,his_hers,2,53,22,float64,0,0,his_hers,his_hers,tctodd3
data\high_quality\tctodd\tctodd3\his_hers-3.tsd,his_hers,3,53,22,float64,0,0,his_hers,his_hers,tctodd3
data\high_quality\tctodd\tctodd3\hot-1.tsd,hot,1,53,22,float64,0,0,hot,hot,tctodd3
data\high_quality\tctodd\tctodd3\hot-2.tsd,hot,2,56,22,float64,0,0,hot,hot,tctodd3
data\high_quality\tctodd\tctodd3\hot-3.tsd,hot,3,52,22,float64,0,0,hot,hot,tctodd3
data\high_quality\tctodd\tctodd3\how-1.tsd,how,1,54,22,float64,0,0,how,how,tctodd3
data\high_quality\tctodd\tctodd3\how-2.tsd,how,2,55,22,float64,0,0,how,how,tctodd3
data\high_quality\tctodd\tctodd3\how-3.tsd,how,3,51,22,float64,0,0,how,how,tctodd3
data\high_quality\tctodd\tctodd3\hurry-1.tsd,hurry,1,54,22,float64,0,0,hurry,hurry,tctodd3
data\high_quality\tctodd\tctodd3\hurry-2.tsd,hurry,2,53,22,float64,0,0,hurry,hurry,tctodd3
data\high_quality\tctodd\tctodd3\hurry-3.tsd,hurry,3,53,22,float64,0,0,hurry,hurry,tctodd3
data\high_quality\tctodd\tctodd3\hurt-1.tsd,hurt,1,57,22,float64,0,0,hurt,hurt,tctodd3
data\high_quality\tctodd\tctodd3\hurt-2.tsd,hurt,2,58,22,float64,0,0,hurt,hurt,tctodd3
data\high_quality\tctodd\tctodd3\hurt-3.tsd,hurt,3,55,22,float64,0,0,hurt,hurt,tctodd3
data\high_quality\tctodd\tctodd3\I-1.tsd,I,1,51,22,float64,0,0,I,I,tctodd3
data\high_quality\tctodd\tctodd3\I-2.tsd,I,2,51,22,float64,0,0,I,I,tctodd3
data\high_quality\tctodd\tctodd3\I-3.tsd,I,3,51,22,float64,0,0,I,I,tctodd3
data\high_quality\tctodd\tctodd3\innocent-1.tsd,innocent,1,54,22,float64,0,0,innocent,innocent,tctodd3
data\high_quality\tctodd\tctodd3\innocent-2.tsd,innocent,2,58,22,float64,0,0,innocent,innocent,tctodd3
data\high_quality\tctodd\tctodd3\innocent-3.tsd,innocent,3,54,22,float64,0,0,innocent,innocent,tctodd3
data\high_quality\tctodd\tctodd3\is_true_-1.tsd,is_true_,1,56,22,float64,0,0,is_true_,is_true_,tctodd3
data\high_quality\tctodd\tctodd3\is_true_-2.tsd,is_true_,2,56,22,float64,0,0,is_true_,is_true_,tctodd3
data\high_quality\tctodd\tctodd3\is_true_-3.tsd,is_true_,3,53,22,float64,0,0,is_true_,is_true_,tctodd3
data\high_quality\tctodd\tctodd3\joke-1.tsd,joke,1,52,22,float64,0,0,joke,joke,tctodd3
data\high_quality\tctodd\tctodd3\joke-2.tsd,joke,2,54,22,float64,0,0,joke,joke,tctodd3
data\high_quality\tctodd\tctodd3\joke-3.tsd,joke,3,54,22,float64,0,0,joke,joke,tctodd3
data\high_quality\tctodd\tctodd3\juice-1.tsd,juice,1,60,22,float64,0,0,juice,juice,tctodd3
data\high_quality\tctodd\tctodd3\juice-2.tsd,juice,2,59,22,float64,0,0,juice,juice,tctodd3
data\high_quality\tctodd\tctodd3\juice-3.tsd,juice,3,57,22,float64,0,0,juice,juice,tctodd3
data\high_quality\tctodd\tctodd3\know-1.tsd,know,1,56,22,float64,0,0,know,know,tctodd3
data\high_quality\tctodd\tctodd3\know-2.tsd,know,2,51,22,float64,0,0,know,know,tctodd3
data\high_quality\tctodd\tctodd3\know-3.tsd,know,3,54,22,float64,0,0,know,know,tctodd3
data\high_quality\tctodd\tctodd3\later-1.tsd,later,1,58,22,float64,0,0,later,later,tctodd3
data\high_quality\tctodd\tctodd3\later-2.tsd,later,2,71,22,float64,0,0,later,later,tctodd3
data\high_quality\tctodd\tctodd3\later-3.tsd,later,3,55,22,float64,0,0,later,later,tctodd3
data\high_quality\tctodd\tctodd3\lose-1.tsd,lose,1,51,22,float64,0,0,lose,lose,tctodd3
data\high_quality\tctodd\tctodd3\lose-2.tsd,lose,2,52,22,float64,0,0,lose,lose,tctodd3
data\high_quality\tctodd\tctodd3\lose-3.tsd,lose,3,51,22,float64,0,0,lose,lose,tctodd3
data\high_quality\tctodd\tctodd3\love-1.tsd,love,1,58,22,float64,0,0,love,love,tctodd3
data\high_quality\tctodd\tctodd3\love-2.tsd,love,2,57,22,float64,0,0,love,love,tctodd3
data\high_quality\tctodd\tctodd3\love-3.tsd,love,3,65,22,float64,0,0,love,love,tctodd3
data\high_quality\tctodd\tctodd3\make-1.tsd,make,1,52,22,float64,0,0,make,make,tctodd3
data\high_quality\tctodd\tctodd3\make-2.tsd,make,2,56,22,float64,0,0,make,make,tctodd3
data\high_quality\tctodd\tctodd3\make-3.tsd,make,3,57,22,float64,0,0,make,make,tctodd3
data\high_quality\tctodd\tctodd3\man-1.tsd,man,1,58,22,float64,0,0,man,man,tctodd3
data\high_quality\tctodd\tctodd3\man-2.tsd,man,2,56,22,float64,0,0,man,man,tctodd3
data\high_quality\tctodd\tctodd3\man-3.tsd,man,3,52,22,float64,0,0,man,man,tctodd3
data\high_quality\tctodd\tctodd3\maybe-1.tsd,maybe,1,59,22,float64,0,0,maybe,maybe,tctodd3
data\high_quality\tctodd\tctodd3\maybe-2.tsd,maybe,2,46,22,float64,0,0,maybe,maybe,tctodd3
data\high_quality\tctodd\tctodd3\maybe-3.tsd,maybe,3,49,22,float64,0,0,maybe,maybe,tctodd3
data\high_quality\tctodd\tctodd3\mine-1.tsd,mine,1,52,22,float64,0,0,mine,mine,tctodd3
data\high_quality\tctodd\tctodd3\mine-2.tsd,mine,2,54,22,float64,0,0,mine,mine,tctodd3
data\high_quality\tctodd\tctodd3\mine-3.tsd,mine,3,72,22,float64,0,0,mine,mine,tctodd3
data\high_quality\tctodd\tctodd3\money-1.tsd,money,1,57,22,float64,0,0,money,money,tctodd3
data\high_quality\tctodd\tctodd3\money-2.tsd,money,2,58,22,float64,0,0,money,money,tctodd3
data\high_quality\tctodd\tctodd3\money-3.tsd,money,3,55,22,float64,0,0,money,money,tctodd3
data\high_quality\tctodd\tctodd3\more-1.tsd,more,1,54,22,float64,0,0,more,more,tctodd3
data\high_quality\tctodd\tctodd3\more-2.tsd,more,2,49,22,float64,0,0,more,more,tctodd3
data\high_quality\tctodd\tctodd3\more-3.tsd,more,3,56,22,float64,0,0,more,more,tctodd3
data\high_quality\tctodd\tctodd3\name-1.tsd,name,1,57,22,float64,0,0,name,name,tctodd3
data\high_quality\tctodd\tctodd3\name-2.tsd,name,2,53,22,float64,0,0,name,name,tctodd3
data\high_quality\tctodd\tctodd3\name-3.tsd,name,3,55,22,float64,0,0,name,name,tctodd3
data\high_quality\tctodd\tctodd3\no-1.tsd,no,1,50,22,float64,0,0,no,no,tctodd3
data\high_quality\tctodd\tctodd3\no-2.tsd,no,2,56,22,float64,0,0,no,no,tctodd3
data\high_quality\tctodd\tctodd3\no-3.tsd,no,3,52,22,float64,0,0,no,no,tctodd3
data\high_quality\tctodd\tctodd3\Norway-1.tsd,Norway,1,57,22,float64,0,0,Norway,Norway,tctodd3
data\high_quality\tctodd\tctodd3\Norway-2.tsd,Norway,2,56,22,float64,0,0,Norway,Norway,tctodd3
data\high_quality\tctodd\tctodd3\Norway-3.tsd,Norway,3,59,22,float64,0,0,Norway,Norway,tctodd3
data\high_quality\tctodd\tctodd3\not-my-problem-1.tsd,not-my-problem,1,56,22,float64,0,0,not-my-problem,not-my-problem,tctodd3
data\high_quality\tctodd\tctodd3\not-my-problem-2.tsd,not-my-problem,2,55,22,float64,0,0,not-my-problem,not-my-problem,tctodd3
data\high_quality\tctodd\tctodd3\not-my-problem-3.tsd,not-my-problem,3,55,22,float64,0,0,not-my-problem,not-my-problem,tctodd3
data\high_quality\tctodd\tctodd3\paper-1.tsd,paper,1,56,22,float64,0,0,paper,paper,tctodd3
data\high_quality\tctodd\tctodd3\paper-2.tsd,paper,2,52,22,float64,0,0,paper,paper,tctodd3
data\high_quality\tctodd\tctodd3\paper-3.tsd,paper,3,60,22,float64,0,0,paper,paper,tctodd3
data\high_quality\tctodd\tctodd3\pen-1.tsd,pen,1,56,22,float64,0,0,pen,pen,tctodd3
data\high_quality\tctodd\tctodd3\pen-2.tsd,pen,2,52,22,float64,0,0,pen,pen,tctodd3
data\high_quality\tctodd\tctodd3\pen-3.tsd,pen,3,55,22,float64,0,0,pen,pen,tctodd3
data\high_quality\tctodd\tctodd3\please-1.tsd,please,1,52,22,float64,0,0,please,please,tctodd3
data\high_quality\tctodd\tctodd3\please-2.tsd,please,2,54,22,float64,0,0,please,please,tctodd3
data\high_quality\tctodd\tctodd3\please-3.tsd,please,3,52,22,float64,0,0,please,please,tctodd3
data\high_quality\tctodd\tctodd3\polite-1.tsd,polite,1,54,22,float64,0,0,polite,polite,tctodd3
data\high_quality\tctodd\tctodd3\polite-2.tsd,polite,2,62,22,float64,0,0,polite,polite,tctodd3
data\high_quality\tctodd\tctodd3\polite-3.tsd,polite,3,56,22,float64,0,0,polite,polite,tctodd3
data\high_quality\tctodd\tctodd3\question-1.tsd,question,1,55,22,float64,0,0,question,question,tctodd3
data\high_quality\tctodd\tctodd3\question-2.tsd,question,2,57,22,float64,0,0,question,question,tctodd3
data\high_quality\tctodd\tctodd3\question-3.tsd,question,3,58,22,float64,0,0,question,question,tctodd3
data\high_quality\tctodd\tctodd3\read-1.tsd,read,1,57,22,float64,0,0,read,read,tctodd3
data\high_quality\tctodd\tctodd3\read-2.tsd,read,2,58,22,float64,0,0,read,read,tctodd3
data\high_quality\tctodd\tctodd3\read-3.tsd,read,3,69,22,float64,0,0,read,read,tctodd3
data\high_quality\tctodd\tctodd3\ready-1.tsd,ready,1,55,22,float64,0,0,ready,ready,tctodd3
data\high_quality\tctodd\tctodd3\ready-2.tsd,ready,2,58,22,float64,0,0,ready,ready,tctodd3
data\high_quality\tctodd\tctodd3\ready-3.tsd,ready,3,52,22,float64,0,0,ready,ready,tctodd3
data\high_quality\tctodd\tctodd3\research-1.tsd,research,1,53,22,float64,0,0,research,research,tctodd3
data\high_quality\tctodd\tctodd3\research-2.tsd,research,2,54,22,float64,0,0,research,research,tctodd3
data\high_quality\tctodd\tctodd3\research-3.tsd,research,3,62,22,float64,0,0,research,research,tctodd3
data\high_quality\tctodd\tctodd3\responsible-1.tsd,responsible,1,58,22,float64,0,0,responsible,responsible,tctodd3
data\high_quality\tctodd\tctodd3\responsible-2.tsd,responsible,2,62,22,float64,0,0,responsible,responsible,tctodd3
data\high_quality\tctodd\tctodd3\responsible-3.tsd,responsible,3,57,22,float64,0,0,responsible,responsible,tctodd3
data\high_quality\tctodd\tctodd3\right-1.tsd,right,1,54,22,float64,0,0,right,right,tctodd3
data\high_quality\tctodd\tctodd3\right-2.tsd,right,2,53,22,float64,0,0,right,right,tctodd3
data\high_quality\tctodd\tctodd3\right-3.tsd,right,3,50,22,float64,0,0,right,right,tctodd3
data\high_quality\tctodd\tctodd3\sad-1.tsd,sad,1,58,22,float64,0,0,sad,sad,tctodd3
data\high_quality\tctodd\tctodd3\sad-2.tsd,sad,2,54,22,float64,0,0,sad,sad,tctodd3
data\high_quality\tctodd\tctodd3\sad-3.tsd,sad,3,53,22,float64,0,0,sad,sad,tctodd3
data\high_quality\tctodd\tctodd3\same-1.tsd,same,1,55,22,float64,0,0,same,same,tctodd3
data\high_quality\tctodd\tctodd3\same-2.tsd,same,2,52,22,float64,0,0,same,same,tctodd3
data\high_quality\tctodd\tctodd3\same-3.tsd,same,3,53,22,float64,0,0,same,same,tctodd3
data\high_quality\tctodd\tctodd3\science-1.tsd,science,1,59,22,float64,0,0,science,science,tctodd3
data\high_quality\tctodd\tctodd3\science-2.tsd,science,2,62,22,float64,0,0,science,science,tctodd3
data\high_quality\tctodd\tctodd3\science-3.tsd,science,3,65,22,float64,0,0,science,science,tctodd3
data\high_quality\tctodd\tctodd3\share-1.tsd,share,1,60,22,float64,0,0,share,share,tctodd3
data\high_quality\tctodd\tctodd3\share-2.tsd,share,2,61,22,float64,0,0,share,share,tctodd3
data\high_quality\tctodd\tctodd3\share-3.tsd,share,3,62,22,float64,0,0,share,share,tctodd3
data\high_quality\tctodd\tctodd3\shop-1.tsd,shop,1,51,22,float64,0,0,shop,shop,tctodd3
data\high_quality\tctodd\tctodd3\shop-2.tsd,shop,2,53,22,float64,0,0,shop,shop,tctodd3
data\high_quality\tctodd\tctodd3\shop-3.tsd,shop,3,54,22,float64,0,0,shop,shop,tctodd3
data\high_quality\tctodd\tctodd3\soon-1.tsd,soon,1,72,22,float64,0,0,soon,soon,tctodd3
data\high_quality\tctodd\tctodd3\soon-2.tsd,soon,2,54,22,float64,0,0,soon,soon,tctodd3
data\high_quality\tctodd\tctodd3\soon-3.tsd,soon,3,53,22,float64,0,0,soon,soon,tctodd3
data\high_quality\tctodd\tctodd3\sorry-1.tsd,sorry,1,58,22,float64,0,0,sorry,sorry,tctodd3
data\high_quality\tctodd\tctodd3\sorry-2.tsd,sorry,2,54,22,float64,0,0,sorry,sorry,tctodd3
data\high_quality\tctodd\tctodd3\sorry-3.tsd,sorry,3,60,22,float64,0,0,sorry,sorry,tctodd3
data\high_quality\tctodd\tctodd3\spend-1.tsd,spend,1,60,22,float64,0,0,spend,spend,tctodd3
data\high_quality\tctodd\tctodd3\spend-2.tsd,spend,2,56,22,float64,0,0,spend,spend,tctodd3
data\high_quality\tctodd\tctodd3\spend-3.tsd,spend,3,55,22,float64,0,0,spend,spend,tctodd3
data\high_quality\tctodd\tctodd3\stubborn-1.tsd,stubborn,1,54,22,float64,0,0,stubborn,stubborn,tctodd3
data\high_quality\tctodd\tctodd3\stubborn-2.tsd,stubborn,2,57,22,float64,0,0,stubborn,stubborn,tctodd3
data\high_quality\tctodd\tctodd3\stubborn-3.tsd,stubborn,3,53,22,float64,0,0,stubborn,stubborn,tctodd3
data\high_quality\tctodd\tctodd3\surprise-1.tsd,surprise,1,51,22,float64,0,0,surprise,surprise,tctodd3
data\high_quality\tctodd\tctodd3\surprise-2.tsd,surprise,2,55,22,float64,0,0,surprise,surprise,tctodd3
data\high_quality\tctodd\tctodd3\surprise-3.tsd,surprise,3,52,22,float64,0,0,surprise,surprise,tctodd3
data\high_quality\tctodd\tctodd3\take-1.tsd,take,1,51,22,float64,0,0,take,take,tctodd3
data\high_quality\tctodd\tctodd3\take-2.tsd,take,2,50,22,float64,0,0,take,take,tctodd3
data\high_quality\tctodd\tctodd3\take-3.tsd,take,3,55,22,float64,0,0,take,take,tctodd3
data\high_quality\tctodd\tctodd3\temper-1.tsd,temper,1,53,22,float64,0,0,temper,temper,tctodd3
data\high_quality\tctodd\tctodd3\temper-2.tsd,temper,2,55,22,float64,0,0,temper,temper,tctodd3
data\high_quality\tctodd\tctodd3\temper-3.tsd,temper,3,60,22,float64,0,0,temper,temper,tctodd3
data\high_quality\tctodd\tctodd3\thank-1.tsd,thank,1,52,22,float64,0,0,thank,thank,tctodd3
data\high_quality\tctodd\tctodd3\thank-2.tsd,thank,2,49,22,float64,0,0,thank,thank,tctodd3
data\high_quality\tctodd\tctodd3\thank-3.tsd,thank,3,52,22,float64,0,0,thank,thank,tctodd3
data\high_quality\tctodd\tctodd3\think-1.tsd,think,1,53,22,float64,0,0,think,think,tctodd3
data\high_quality\tctodd\tctodd3\think-2.tsd,think,2,52,22,float64,0,0,think,think,tctodd3
data\high_quality\tctodd\tctodd3\think-3.tsd,think,3,52,22,float64,0,0,think,think,tctodd3
data\high_quality\tctodd\tctodd3\tray-1.tsd,tray,1,59,22,float64,0,0,tray,tray,tctodd3
data\high_quality\tctodd\tctodd3\tray-2.tsd,tray,2,64,22,float64,0,0,tray,tray,tctodd3
data\high_quality\tctodd\tctodd3\tray-3.tsd,tray,3,60,22,float64,0,0,tray,tray,tctodd3
data\high_quality\tctodd\tctodd3\us-1.tsd,us,1,55,22,float64,0,0,us,us,tctodd3
data\high_quality\tctodd\tctodd3\us-2.tsd,us,2,53,22,float64,0,0,us,us,tctodd3
data\high_quality\tctodd\tctodd3\us-3.tsd,us,3,54,22,float64,0,0,us,us,tctodd3
data\high_quality\tctodd\tctodd3\voluntary-1.tsd,voluntary,1,61,22,float64,0,0,voluntary,voluntary,tctodd3
data\high_quality\tctodd\tctodd3\voluntary-2.tsd,voluntary,2,57,22,float64,0,0,voluntary,voluntary,tctodd3
data\high_quality\tctodd\tctodd3\voluntary-3.tsd,voluntary,3,58,22,float64,0,0,voluntary,voluntary,tctodd3
data\high_quality\tctodd\tctodd3\wait_notyet_-1.tsd,wait_notyet_,1,57,22,float64,0,0,wait_notyet_,wait_notyet_,tctodd3
data\high_quality\tctodd\tctodd3\wait_notyet_-2.tsd,wait_notyet_,2,50,22,float64,0,0,wait_notyet_,wait_notyet_,tctodd3
data\high_quality\tctodd\tctodd3\wait_notyet_-3.tsd,wait_notyet_,3,52,22,float64,0,0,wait_notyet_,wait_notyet_,tctodd3
data\high_quality\tctodd\tctodd3\what-1.tsd,what,1,48,22,float64,0,0,what,what,tctodd3
data\high_quality\tctodd\tctodd3\what-2.tsd,what,2,47,22,float64,0,0,what,what,tctodd3
data\high_quality\tctodd\tctodd3\what-3.tsd,what,3,48,22,float64,0,0,what,what,tctodd3
data\high_quality\tctodd\tctodd3\when-1.tsd,when,1,56,22,float64,0,0,when,when,tctodd3
data\high_quality\tctodd\tctodd3\when-2.tsd,when,2,59,22,float64,0,0,when,when,tctodd3
data\high_quality\tctodd\tctodd3\when-3.tsd,when,3,55,22,float64,0,0,when,when,tctodd3
data\high_quality\tctodd\tctodd3\where-1.tsd,where,1,56,22,float64,0,0,where,where,tctodd3
data\high_quality\tctodd\tctodd3\where-2.tsd,where,2,59,22,float64,0,0,where,where,tctodd3
data\high_quality\tctodd\tctodd3\where-3.tsd,where,3,56,22,float64,0,0,where,where,tctodd3
data\high_quality\tctodd\tctodd3\which-1.tsd,which,1,49,22,float64,0,0,which,which,tctodd3
data\high_quality\tctodd\tctodd3\which-2.tsd,which,2,58,22,float64,0,0,which,which,tctodd3
data\high_quality\tctodd\tctodd3\which-3.tsd,which,3,52,22,float64,0,0,which,which,tctodd3
data\high_quality\tctodd\tctodd3\who-1.tsd,who,1,54,22,float64,0,0,who,who,tctodd3
data\high_quality\tctodd\tctodd3\who-2.tsd,who,2,55,22,float64,0,0,who,who,tctodd3
data\high_quality\tctodd\tctodd3\who-3.tsd,who,3,51,22,float64,0,0,who,who,tctodd3
data\high_quality\tctodd\tctodd3\why-1.tsd,why,1,60,22,float64,0,0,why,why,tctodd3
data\high_quality\tctodd\tctodd3\why-2.tsd,why,2,59,22,float64,0,0,why,why,tctodd3
data\high_quality\tctodd\tctodd3\why-3.tsd,why,3,58,22,float64,0,0,why,why,tctodd3
data\high_quality\tctodd\tctodd3\wild-1.tsd,wild,1,60,22,float64,0,0,wild,wild,tctodd3
data\high_quality\tctodd\tctodd3\wild-2.tsd,wild,2,55,22,float64,0,0,wild,wild,tctodd3
data\high_quality\tctodd\tctodd3\wild-3.tsd,wild,3,54,22,float64,0,0,wild,wild,tctodd3
data\high_quality\tctodd\tctodd3\will-1.tsd,will,1,53,22,float64,0,0,will,will,tctodd3
data\high_quality\tctodd\tctodd3\will-2.tsd,will,2,58,22,float64,0,0,will,will,tctodd3
data\high_quality\tctodd\tctodd3\will-3.tsd,will,3,55,22,float64,0,0,will,will,tctodd3
data\high_quality\tctodd\tctodd3\write-1.tsd,write,1,55,22,float64,0,0,write,write,tctodd3
data\high_quality\tctodd\tctodd3\write-2.tsd,write,2,64,22,float64,0,0,write,write,tctodd3
data\high_quality\tctodd\tctodd3\write-3.tsd,write,3,56,22,float64,0,0,write,write,tctodd3
data\high_quality\tctodd\tctodd3\wrong-1.tsd,wrong,1,57,22,float64,0,0,wrong,wrong,tctodd3
data\high_quality\tctodd\tctodd3\wrong-2.tsd,wrong,2,53,22,float64,0,0,wrong,wrong,tctodd3
data\high_quality\tctodd\tctodd3\wrong-3.tsd,wrong,3,51,22,float64,0,0,wrong,wrong,tctodd3
data\high_quality\tctodd\tctodd3\yes-1.tsd,yes,1,59,22,float64,0,0,yes,yes,tctodd3
data\high_quality\tctodd\tctodd3\yes-2.tsd,yes,2,52,22,float64,0,0,yes,yes,tctodd3
data\high_quality\tctodd\tctodd3\yes-3.tsd,yes,3,55,22,float64,0,0,yes,yes,tctodd3
data\high_quality\tctodd\tctodd3\you-1.tsd,you,1,50,22,float64,0,0,you,you,tctodd3
data\high_quality\tctodd\tctodd3\you-2.tsd,you,2,50,22,float64,0,0,you,you,tctodd3
data\high_quality\tctodd\tctodd3\you-3.tsd,you,3,51,22,float64,0,0,you,you,tctodd3
data\high_quality\tctodd\tctodd3\zero-1.tsd,zero,1,52,22,float64,0,0,zero,zero,tctodd3
data\high_quality\tctodd\tctodd3\zero-2.tsd,zero,2,52,22,float64,0,0,zero,zero,tctodd3
data\high_quality\tctodd\tctodd3\zero-3.tsd,zero,3,50,22,float64,0,0,zero,zero,tctodd3
data\high_quality\tctodd\tctodd4\alive-1.tsd,alive,1,55,22,float64,0,0,alive,alive,tctodd4
data\high_quality\tctodd\tctodd4\alive-2.tsd,alive,2,55,22,float64,0,0,alive,alive,tctodd4
data\high_quality\tctodd\tctodd4\alive-3.tsd,alive,3,54,22,float64,0,0,alive,alive,tctodd4
data\high_quality\tctodd\tctodd4\all-1.tsd,all,1,53,22,float64,0,0,all,all,tctodd4
data\high_quality\tctodd\tctodd4\all-2.tsd,all,2,56,22,float64,0,0,all,all,tctodd4
data\high_quality\tctodd\tctodd4\all-3.tsd,all,3,54,22,float64,0,0,all,all,tctodd4
data\high_quality\tctodd\tctodd4\answer-1.tsd,answer,1,52,22,float64,0,0,answer,answer,tctodd4
data\high_quality\tctodd\tctodd4\answer-2.tsd,answer,2,54,22,float64,0,0,answer,answer,tctodd4
data\high_quality\tctodd\tctodd4\answer-3.tsd,answer,3,52,22,float64,0,0,answer,answer,tctodd4
data\high_quality\tctodd\tctodd4\boy-1.tsd,boy,1,60,22,float64,0,0,boy,boy,tctodd4
data\high_quality\tctodd\tctodd4\boy-2.tsd,boy,2,54,22,float64,0,0,boy,boy,tctodd4
data\high_quality\tctodd\tctodd4\boy-3.tsd,boy,3,52,22,float64,0,0,boy,boy,tctodd4
data\high_quality\tctodd\tctodd4\building-1.tsd,building,1,62,22,float64,0,0,building,building,tctodd4
data\high_quality\tctodd\tctodd4\building-2.tsd,building,2,63,22,float64,0,0,building,building,tctodd4
data\high_quality\tctodd\tctodd4\building-3.tsd,building,3,72,22,float64,0,0,building,building,tctodd4
data\high_quality\tctodd\tctodd4\buy-1.tsd,buy,1,55,22,float64,0,0,buy,buy,tctodd4
data\high_quality\tctodd\tctodd4\buy-2.tsd,buy,2,52,22,float64,0,0,buy,buy,tctodd4
data\high_quality\tctodd\tctodd4\buy-3.tsd,buy,3,56,22,float64,0,0,buy,buy,tctodd4
data\high_quality\tctodd\tctodd4\change_mind_-1.tsd,change_mind_,1,59,22,float64,0,0,change_mind_,change_mind_,tctodd4
data\high_quality\tctodd\tctodd4\change_mind_-2.tsd,change_mind_,2,56,22,float64,0,0,change_mind_,change_mind_,tctodd4
data\high_quality\tctodd\tctodd4\change_mind_-3.tsd,change_mind_,3,54,22,float64,0,0,change_mind_,change_mind_,tctodd4
data\high_quality\tctodd\tctodd4\cold-1.tsd,cold,1,54,22,float64,0,0,cold,cold,tctodd4
data\high_quality\tctodd\tctodd4\cold-2.tsd,cold,2,77,22,float64,0,0,cold,cold,tctodd4
data\high_quality\tctodd\tctodd4\cold-3.tsd,cold,3,50,22,float64,0,0,cold,cold,tctodd4
data\high_quality\tctodd\tctodd4\come-1.tsd,come,1,52,22,float64,0,0,come,come,tctodd4
data\high_quality\tctodd\tctodd4\come-2.tsd,come,2,55,22,float64,0,0,come,come,tctodd4
data\high_quality\tctodd\tctodd4\come-3.tsd,come,3,48,22,float64,0,0,come,come,tctodd4
data\high_quality\tctodd\tctodd4\computer_PC_-1.tsd,computer_PC_,1,60,22,float64,0,0,computer_PC_,computer_PC_,tctodd4
data\high_quality\tctodd\tctodd4\computer_PC_-2.tsd,computer_PC_,2,59,22,float64,0,0,computer_PC_,computer_PC_,tctodd4
data\high_quality\tctodd\tctodd4\computer_PC_-3.tsd,computer_PC_,3,57,22,float64,0,0,computer_PC_,computer_PC_,tctodd4
data\high_quality\tctodd\tctodd4\cost-1.tsd,cost,1,57,22,float64,0,0,cost,cost,tctodd4
data\high_quality\tctodd\tctodd4\cost-2.tsd,cost,2,50,22,float64,0,0,cost,cost,tctodd4
data\high_quality\tctodd\tctodd4\cost-3.tsd,cost,3,53,22,float64,0,0,cost,cost,tctodd4
data\high_quality\tctodd\tctodd4\crazy-1.tsd,crazy,1,55,22,float64,0,0,crazy,crazy,tctodd4
data\high_quality\tctodd\tctodd4\crazy-2.tsd,crazy,2,53,22,float64,0,0,crazy,crazy,tctodd4
data\high_quality\tctodd\tctodd4\crazy-3.tsd,crazy,3,56,22,float64,0,0,crazy,crazy,tctodd4
data\high_quality\tctodd\tctodd4\danger-1.tsd,danger,1,54,22,float64,0,0,danger,danger,tctodd4
data\high_quality\tctodd\tctodd4\danger-2.tsd,danger,2,54,22,float64,0,0,danger,danger,tctodd4
data\high_quality\tctodd\tctodd4\danger-3.tsd,danger,3,52,22,float64,0,0,danger,danger,tctodd4
data\high_quality\tctodd\tctodd4\deaf-1.tsd,deaf,1,70,22,float64,0,0,deaf,deaf,tctodd4
data\high_quality\tctodd\tctodd4\deaf-2.tsd,deaf,2,53,22,float64,0,0,deaf,deaf,tctodd4
data\high_quality\tctodd\tctodd4\deaf-3.tsd,deaf,3,52,22,float64,0,0,deaf,deaf,tctodd4
data\high_quality\tctodd\tctodd4\different-1.tsd,different,1,48,22,float64,0,0,different,different,tctodd4
data\high_quality\tctodd\tctodd4\different-2.tsd,different,2,53,22,float64,0,0,different,different,tctodd4
data\high_quality\tctodd\tctodd4\different-3.tsd,different,3,67,22,float64,0,0,different,different,tctodd4
data\high_quality\tctodd\tctodd4\draw-1.tsd,draw,1,57,22,float64,0,0,draw,draw,tctodd4
data\high_quality\tctodd\tctodd4\draw-2.tsd,draw,2,56,22,float64,0,0,draw,draw,tctodd4
data\high_quality\tctodd\tctodd4\draw-3.tsd,draw,3,58,22,float64,0,0,draw,draw,tctodd4
data\high_quality\tctodd\tctodd4\drink-1.tsd,drink,1,53,22,float64,0,0,drink,drink,tctodd4
data\high_quality\tctodd\tctodd4\drink-2.tsd,drink,2,52,22,float64,0,0,drink,drink,tctodd4
data\high_quality\tctodd\tctodd4\drink-3.tsd,drink,3,49,22,float64,0,0,drink,drink,tctodd4
data\high_quality\tctodd\tctodd4\eat-1.tsd,eat,1,56,22,float64,0,0,eat,eat,tctodd4
data\high_quality\tctodd\tctodd4\eat-2.tsd,eat,2,52,22,float64,0,0,eat,eat,tctodd4
data\high_quality\tctodd\tctodd4\eat-3.tsd,eat,3,59,22,float64,0,0,eat,eat,tctodd4
data\high_quality\tctodd\tctodd4\exit-1.tsd,exit,1,53,22,float64,0,0,exit,exit,tctodd4
data\high_quality\tctodd\tctodd4\exit-2.tsd,exit,2,51,22,float64,0,0,exit,exit,tctodd4
data\high_quality\tctodd\tctodd4\exit-3.tsd,exit,3,59,22,float64,0,0,exit,exit,tctodd4
data\high_quality\tctodd\tctodd4\flash-light-1.tsd,flash-light,1,56,22,float64,0,0,flash-light,flash-light,tctodd4
data\high_quality\tctodd\tctodd4\flash-light-2.tsd,flash-light,2,55,22,float64,0,0,flash-light,flash-light,tctodd4
data\high_quality\tctodd\tctodd4\flash-light-3.tsd,flash-light,3,54,22,float64,0,0,flash-light,flash-light,tctodd4
data\high_quality\tctodd\tctodd4\forget-1.tsd,forget,1,57,22,float64,0,0,forget,forget,tctodd4
data\high_quality\tctodd\tctodd4\forget-2.tsd,forget,2,57,22,float64,0,0,forget,forget,tctodd4
data\high_quality\tctodd\tctodd4\forget-3.tsd,forget,3,55,22,float64,0,0,forget,forget,tctodd4
data\high_quality\tctodd\tctodd4\girl-1.tsd,girl,1,55,22,float64,0,0,girl,girl,tctodd4
data\high_quality\tctodd\tctodd4\girl-2.tsd,girl,2,55,22,float64,0,0,girl,girl,tctodd4
data\high_quality\tctodd\tctodd4\girl-3.tsd,girl,3,52,22,float64,0,0,girl,girl,tctodd4
data\high_quality\tctodd\tctodd4\give-1.tsd,give,1,55,22,float64,0,0,give,give,tctodd4
data\high_quality\tctodd\tctodd4\give-2.tsd,give,2,60,22,float64,0,0,give,give,tctodd4
data\high_quality\tctodd\tctodd4\give-3.tsd,give,3,51,22,float64,0,0,give,give,tctodd4
data\high_quality\tctodd\tctodd4\glove-1.tsd,glove,1,58,22,float64,0,0,glove,glove,tctodd4
data\high_quality\tctodd\tctodd4\glove-2.tsd,glove,2,72,22,float64,0,0,glove,glove,tctodd4
data\high_quality\tctodd\tctodd4\glove-3.tsd,glove,3,52,22,float64,0,0,glove,glove,tctodd4
data\high_quality\tctodd\tctodd4\go-1.tsd,go,1,51,22,float64,0,0,go,go,tctodd4
data\high_quality\tctodd\tctodd4\go-2.tsd,go,2,57,22,float64,0,0,go,go,tctodd4
data\high_quality\tctodd\tctodd4\go-3.tsd,go,3,54,22,float64,0,0,go,go,tctodd4
data\high_quality\tctodd\tctodd4\God-1.tsd,God,1,65,22,float64,0,0,God,God,tctodd4
data\high_quality\tctodd\tctodd4\God-2.tsd,God,2,59,22,float64,0,0,God,God,tctodd4
data\high_quality\tctodd\tctodd4\God-3.tsd,God,3,55,22,float64,0,0,God,God,tctodd4
data\high_quality\tctodd\tctodd4\happy-1.tsd,happy,1,55,22,float64,0,0,happy,happy,tctodd4
data\high_quality\tctodd\tctodd4\happy-2.tsd,happy,2,54,22,float64,0,0,happy,happy,tctodd4
data\high_quality\tctodd\tctodd4\happy-3.tsd,happy,3,56,22,float64,0,0,happy,happy,tctodd4
data\high_quality\tctodd\tctodd4\head-1.tsd,head,1,56,22,float64,0,0,head,head,tctodd4
data\high_quality\tctodd\tctodd4\head-2.tsd,head,2,49,22,float64,0,0,head,head,tctodd4
data\high_quality\tctodd\tctodd4\head-3.tsd,head,3,58,22,float64,0,0,head,head,tctodd4
data\high_quality\tctodd\tctodd4\hear-1.tsd,hear,1,53,22,float64,0,0,hear,hear,tctodd4
data\high_quality\tctodd\tctodd4\hear-2.tsd,hear,2,52,22,float64,0,0,hear,hear,tctodd4
data\high_quality\tctodd\tctodd4\hear-3.tsd,hear,3,55,22,float64,0,0,hear,hear,tctodd4
data\high_quality\tctodd\tctodd4\hello-1.tsd,hello,1,50,22,float64,0,0,hello,hello,tctodd4
data\high_quality\tctodd\tctodd4\hello-2.tsd,hello,2,53,22,float64,0,0,hello,hello,tctodd4
data\high_quality\tctodd\tctodd4\hello-3.tsd,hello,3,55,22,float64,0,0,hello,hello,tctodd4
data\high_quality\tctodd\tctodd4\his_hers-1.tsd,his_hers,1,51,22,float64,0,0,his_hers,his_hers,tctodd4
data\high_quality\tctodd\tctodd4\his_hers-2.tsd,his_hers,2,50,22,float64,0,0,his_hers,his_hers,tctodd4
data\high_quality\tctodd\tctodd4\his_hers-3.tsd,his_hers,3,51,22,float64,0,0,his_hers,his_hers,tctodd4
data\high_quality\tctodd\tctodd4\hot-1.tsd,hot,1,72,22,float64,0,0,hot,hot,tctodd4
data\high_quality\tctodd\tctodd4\hot-2.tsd,hot,2,54,22,float64,0,0,hot,hot,tctodd4
data\high_quality\tctodd\tctodd4\hot-3.tsd,hot,3,49,22,float64,0,0,hot,hot,tctodd4
data\high_quality\tctodd\tctodd4\how-1.tsd,how,1,50,22,float64,0,0,how,how,tctodd4
data\high_quality\tctodd\tctodd4\how-2.tsd,how,2,60,22,float64,0,0,how,how,tctodd4
data\high_quality\tctodd\tctodd4\how-3.tsd,how,3,50,22,float64,0,0,how,how,tctodd4
data\high_quality\tctodd\tctodd4\hurry-1.tsd,hurry,1,48,22,float64,0,0,hurry,hurry,tctodd4
data\high_quality\tctodd\tctodd4\hurry-2.tsd,hurry,2,53,22,float64,0,0,hurry,hurry,tctodd4
data\high_quality\tctodd\tctodd4\hurry-3.tsd,hurry,3,51,22,float64,0,0,hurry,hurry,tctodd4
data\high_quality\tctodd\tctodd4\hurt-1.tsd,hurt,1,53,22,float64,0,0,hurt,hurt,tctodd4
data\high_quality\tctodd\tctodd4\hurt-2.tsd,hurt,2,58,22,float64,0,0,hurt,hurt,tctodd4
data\high_quality\tctodd\tctodd4\hurt-3.tsd,hurt,3,55,22,float64,0,0,hurt,hurt,tctodd4
data\high_quality\tctodd\tctodd4\I-1.tsd,I,1,53,22,float64,0,0,I,I,tctodd4
data\high_quality\tctodd\tctodd4\I-2.tsd,I,2,51,22,float64,0,0,I,I,tctodd4
data\high_quality\tctodd\tctodd4\I-3.tsd,I,3,46,22,float64,0,0,I,I,tctodd4
data\high_quality\tctodd\tctodd4\innocent-1.tsd,innocent,1,53,22,float64,0,0,innocent,innocent,tctodd4
data\high_quality\tctodd\tctodd4\innocent-2.tsd,innocent,2,60,22,float64,0,0,innocent,innocent,tctodd4
data\high_quality\tctodd\tctodd4\innocent-3.tsd,innocent,3,49,22,float64,0,0,innocent,innocent,tctodd4
data\high_quality\tctodd\tctodd4\is_true_-1.tsd,is_true_,1,52,22,float64,0,0,is_true_,is_true_,tctodd4
data\high_quality\tctodd\tctodd4\is_true_-2.tsd,is_true_,2,53,22,float64,0,0,is_true_,is_true_,tctodd4
data\high_quality\tctodd\tctodd4\is_true_-3.tsd,is_true_,3,53,22,float64,0,0,is_true_,is_true_,tctodd4
data\high_quality\tctodd\tctodd4\joke-1.tsd,joke,1,56,22,float64,0,0,joke,joke,tctodd4
data\high_quality\tctodd\tctodd4\joke-2.tsd,joke,2,54,22,float64,0,0,joke,joke,tctodd4
data\high_quality\tctodd\tctodd4\joke-3.tsd,joke,3,53,22,float64,0,0,joke,joke,tctodd4
data\high_quality\tctodd\tctodd4\juice-1.tsd,juice,1,56,22,float64,0,0,juice,juice,tctodd4
data\high_quality\tctodd\tctodd4\juice-2.tsd,juice,2,57,22,float64,0,0,juice,juice,tctodd4
data\high_quality\tctodd\tctodd4\juice-3.tsd,juice,3,57,22,float64,0,0,juice,juice,tctodd4
data\high_quality\tctodd\tctodd4\know-1.tsd,know,1,54,22,float64,0,0,know,know,tctodd4
data\high_quality\tctodd\tctodd4\know-2.tsd,know,2,74,22,float64,0,0,know,know,tctodd4
data\high_quality\tctodd\tctodd4\know-3.tsd,know,3,51,22,float64,0,0,know,know,tctodd4
data\high_quality\tctodd\tctodd4\later-1.tsd,later,1,54,22,float64,0,0,later,later,tctodd4
data\high_quality\tctodd\tctodd4\later-2.tsd,later,2,55,22,float64,0,0,later,later,tctodd4
data\high_quality\tctodd\tctodd4\later-3.tsd,later,3,61,22,float64,0,0,later,later,tctodd4
data\high_quality\tctodd\tctodd4\lose-1.tsd,lose,1,54,22,float64,0,0,lose,lose,tctodd4
data\high_quality\tctodd\tctodd4\lose-2.tsd,lose,2,75,22,float64,0,0,lose,lose,tctodd4
data\high_quality\tctodd\tctodd4\lose-3.tsd,lose,3,51,22,float64,0,0,lose,lose,tctodd4
data\high_quality\tctodd\tctodd4\love-1.tsd,love,1,57,22,float64,0,0,love,love,tctodd4
data\high_quality\tctodd\tctodd4\love-2.tsd,love,2,52,22,float64,0,0,love,love,tctodd4
data\high_quality\tctodd\tctodd4\love-3.tsd,love,3,58,22,float64,0,0,love,love,tctodd4
data\high_quality\tctodd\tctodd4\make-1.tsd,make,1,54,22,float64,0,0,make,make,tctodd4
data\high_quality\tctodd\tctodd4\make-2.tsd,make,2,52,22,float64,0,0,make,make,tctodd4
data\high_quality\tctodd\tctodd4\make-3.tsd,make,3,54,22,float64,0,0,make,make,tctodd4
data\high_quality\tctodd\tctodd4\man-1.tsd,man,1,53,22,float64,0,0,man,man,tctodd4
data\high_quality\tctodd\tctodd4\man-2.tsd,man,2,52,22,float64,0,0,man,man,tctodd4
data\high_quality\tctodd\tctodd4\man-3.tsd,man,3,50,22,float64,0,0,man,man,tctodd4
data\high_quality\tctodd\tctodd4\maybe-1.tsd,maybe,1,51,22,float64,0,0,maybe,maybe,tctodd4
data\high_quality\tctodd\tctodd4\maybe-2.tsd,maybe,2,53,22,float64,0,0,maybe,maybe,tctodd4
data\high_quality\tctodd\tctodd4\maybe-3.tsd,maybe,3,48,22,float64,0,0,maybe,maybe,tctodd4
data\high_quality\tctodd\tctodd4\mine-1.tsd,mine,1,59,22,float64,0,0,mine,mine,tctodd4
data\high_quality\tctodd\tctodd4\mine-2.tsd,mine,2,52,22,float64,0,0,mine,mine,tctodd4
data\high_quality\tctodd\tctodd4\mine-3.tsd,mine,3,47,22,float64,0,0,mine,mine,tctodd4
data\high_quality\tctodd\tctodd4\money-1.tsd,money,1,54,22,float64,0,0,money,money,tctodd4
data\high_quality\tctodd\tctodd4\money-2.tsd,money,2,54,22,float64,0,0,money,money,tctodd4
data\high_quality\tctodd\tctodd4\money-3.tsd,money,3,54,22,float64,0,0,money,money,tctodd4
data\high_quality\tctodd\tctodd4\more-1.tsd,more,1,53,22,float64,0,0,more,more,tctodd4
data\high_quality\tctodd\tctodd4\more-2.tsd,more,2,50,22,float64,0,0,more,more,tctodd4
data\high_quality\tctodd\tctodd4\more-3.tsd,more,3,51,22,float64,0,0,more,more,tctodd4
data\high_quality\tctodd\tctodd4\name-1.tsd,name,1,56,22,float64,0,0,name,name,tctodd4
data\high_quality\tctodd\tctodd4\name-2.tsd,name,2,51,22,float64,0,0,name,name,tctodd4
data\high_quality\tctodd\tctodd4\name-3.tsd,name,3,50,22,float64,0,0,name,name,tctodd4
data\high_quality\tctodd\tctodd4\no-1.tsd,no,1,51,22,float64,0,0,no,no,tctodd4
data\high_quality\tctodd\tctodd4\no-2.tsd,no,2,53,22,float64,0,0,no,no,tctodd4
data\high_quality\tctodd\tctodd4\no-3.tsd,no,3,53,22,float64,0,0,no,no,tctodd4
data\high_quality\tctodd\tctodd4\Norway-1.tsd,Norway,1,55,22,float64,0,0,Norway,Norway,tctodd4
data\high_quality\tctodd\tctodd4\Norway-2.tsd,Norway,2,56,22,float64,0,0,Norway,Norway,tctodd4
data\high_quality\tctodd\tctodd4\Norway-3.tsd,Norway,3,57,22,float64,0,0,Norway,Norway,tctodd4
data\high_quality\tctodd\tctodd4\not-my-problem-1.tsd,not-my-problem,1,56,22,float64,0,0,not-my-problem,not-my-problem,tctodd4
data\high_quality\tctodd\tctodd4\not-my-problem-2.tsd,not-my-problem,2,51,22,float64,0,0,not-my-problem,not-my-problem,tctodd4
data\high_quality\tctodd\tctodd4\not-my-problem-3.tsd,not-my-problem,3,49,22,float64,0,0,not-my-problem,not-my-problem,tctodd4
data\high_quality\tctodd\tctodd4\paper-1.tsd,paper,1,69,22,float64,0,0,paper,paper,tctodd4
data\high_quality\tctodd\tctodd4\paper-2.tsd,paper,2,56,22,float64,0,0,paper,paper,tctodd4
data\high_quality\tctodd\tctodd4\paper-3.tsd,paper,3,54,22,float64,0,0,paper,paper,tctodd4
data\high_quality\tctodd\tctodd4\pen-1.tsd,pen,1,55,22,float64,0,0,pen,pen,tctodd4
data\high_quality\tctodd\tctodd4\pen-2.tsd,pen,2,55,22,float64,0,0,pen,pen,tctodd4
data\high_quality\tctodd\tctodd4\pen-3.tsd,pen,3,53,22,float64,0,0,pen,pen,tctodd4
data\high_quality\tctodd\tctodd4\please-1.tsd,please,1,52,22,float64,0,0,please,please,tctodd4
data\high_quality\tctodd\tctodd4\please-2.tsd,please,2,54,22,float64,0,0,please,please,tctodd4
data\high_quality\tctodd\tctodd4\please-3.tsd,please,3,49,22,float64,0,0,please,please,tctodd4
data\high_quality\tctodd\tctodd4\polite-1.tsd,polite,1,55,22,float64,0,0,polite,polite,tctodd4
data\high_quality\tctodd\tctodd4\polite-2.tsd,polite,2,51,22,float64,0,0,polite,polite,tctodd4
data\high_quality\tctodd\tctodd4\polite-3.tsd,polite,3,51,22,float64,0,0,polite,polite,tctodd4
data\high_quality\tctodd\tctodd4\question-1.tsd,question,1,48,22,float64,0,0,question,question,tctodd4
data\high_quality\tctodd\tctodd4\question-2.tsd,question,2,52,22,float64,0,0,question,question,tctodd4
data\high_quality\tctodd\tctodd4\question-3.tsd,question,3,56,22,float64,0,0,question,question,tctodd4
data\high_quality\tctodd\tctodd4\read-1.tsd,read,1,55,22,float64,0,0,read,read,tctodd4
data\high_quality\tctodd\tctodd4\read-2.tsd,read,2,75,22,float64,0,0,read,read,tctodd4
data\high_quality\tctodd\tctodd4\read-3.tsd,read,3,66,22,float64,0,0,read,read,tctodd4
data\high_quality\tctodd\tctodd4\ready-1.tsd,ready,1,58,22,float64,0,0,ready,ready,tctodd4
data\high_quality\tctodd\tctodd4\ready-2.tsd,ready,2,50,22,float64,0,0,ready,ready,tctodd4
data\high_quality\tctodd\tctodd4\ready-3.tsd,ready,3,53,22,float64,0,0,ready,ready,tctodd4
data\high_quality\tctodd\tctodd4\research-1.tsd,research,1,60,22,float64,0,0,research,research,tctodd4
data\high_quality\tctodd\tctodd4\research-2.tsd,research,2,58,22,float64,0,0,research,research,tctodd4
data\high_quality\tctodd\tctodd4\research-3.tsd,research,3,63,22,float64,0,0,research,research,tctodd4
data\high_quality\tctodd\tctodd4\responsible-1.tsd,responsible,1,60,22,float64,0,0,responsible,responsible,tctodd4
data\high_quality\tctodd\tctodd4\responsible-2.tsd,responsible,2,61,22,float64,0,0,responsible,responsible,tctodd4
data\high_quality\tctodd\tctodd4\responsible-3.tsd,responsible,3,59,22,float64,0,0,responsible,responsible,tctodd4
data\high_quality\tctodd\tctodd4\right-1.tsd,right,1,54,22,float64,0,0,right,right,tctodd4
data\high_quality\tctodd\tctodd4\right-2.tsd,right,2,52,22,float64,0,0,right,right,tctodd4
data\high_quality\tctodd\tctodd4\right-3.tsd,right,3,47,22,float64,0,0,right,right,tctodd4
data\high_quality\tctodd\tctodd4\sad-1.tsd,sad,1,55,22,float64,0,0,sad,sad,tctodd4
data\high_quality\tctodd\tctodd4\sad-2.tsd,sad,2,62,22,float64,0,0,sad,sad,tctodd4
data\high_quality\tctodd\tctodd4\sad-3.tsd,sad,3,69,22,float64,0,0,sad,sad,tctodd4
data\high_quality\tctodd\tctodd4\same-1.tsd,same,1,53,22,float64,0,0,same,same,tctodd4
data\high_quality\tctodd\tctodd4\same-2.tsd,same,2,53,22,float64,0,0,same,same,tctodd4
data\high_quality\tctodd\tctodd4\same-3.tsd,same,3,64,22,float64,0,0,same,same,tctodd4
data\high_quality\tctodd\tctodd4\science-1.tsd,science,1,65,22,float64,0,0,science,science,tctodd4
data\high_quality\tctodd\tctodd4\science-2.tsd,science,2,63,22,float64,0,0,science,science,tctodd4
data\high_quality\tctodd\tctodd4\science-3.tsd,science,3,56,22,float64,0,0,science,science,tctodd4
data\high_quality\tctodd\tctodd4\share-1.tsd,share,1,58,22,float64,0,0,share,share,tctodd4
data\high_quality\tctodd\tctodd4\share-2.tsd,share,2,67,22,float64,0,0,share,share,tctodd4
data\high_quality\tctodd\tctodd4\share-3.tsd,share,3,58,22,float64,0,0,share,share,tctodd4
data\high_quality\tctodd\tctodd4\shop-1.tsd,shop,1,55,22,float64,0,0,shop,shop,tctodd4
data\high_quality\tctodd\tctodd4\shop-2.tsd,shop,2,54,22,float64,0,0,shop,shop,tctodd4
data\high_quality\tctodd\tctodd4\shop-3.tsd,shop,3,59,22,float64,0,0,shop,shop,tctodd4
data\high_quality\tctodd\tctodd4\soon-1.tsd,soon,1,54,22,float64,0,0,soon,soon,tctodd4
data\high_quality\tctodd\tctodd4\soon-2.tsd,soon,2,55,22,float64,0,0,soon,soon,tctodd4
data\high_quality\tctodd\tctodd4\soon-3.tsd,soon,3,55,22,float64,0,0,soon,soon,tctodd4
data\high_quality\tctodd\tctodd4\sorry-1.tsd,sorry,1,59,22,float64,0,0,sorry,sorry,tctodd4
data\high_quality\tctodd\tctodd4\sorry-2.tsd,sorry,2,54,22,float64,0,0,sorry,sorry,tctodd4
data\high_quality\tctodd\tctodd4\sorry-3.tsd,sorry,3,56,22,float64,0,0,sorry,sorry,tctodd4
data\high_quality\tctodd\tctodd4\spend-1.tsd,spend,1,56,22,float64,0,0,spend,spend,tctodd4
data\high_quality\tctodd\tctodd4\spend-2.tsd,spend,2,57,22,float64,0,0,spend,spend,tctodd4
data\high_quality\tctodd\tctodd4\spend-3.tsd,spend,3,55,22,float64,0,0,spend,spend,tctodd4
data\high_quality\tctodd\tctodd4\stubborn-1.tsd,stubborn,1,52,22,float64,0,0,stubborn,stubborn,tctodd4
data\high_quality\tctodd\tctodd4\stubborn-2.tsd,stubborn,2,50,22,float64,0,0,stubborn,stubborn,tctodd4
data\high_quality\tctodd\tctodd4\stubborn-3.tsd,stubborn,3,49,22,float64,0,0,stubborn,stubborn,tctodd4
data\high_quality\tctodd\tctodd4\surprise-1.tsd,surprise,1,55,22,float64,0,0,surprise,surprise,tctodd4
data\high_quality\tctodd\tctodd4\surprise-2.tsd,surprise,2,50,22,float64,0,0,surprise,surprise,tctodd4
data\high_quality\tctodd\tctodd4\surprise-3.tsd,surprise,3,51,22,float64,0,0,surprise,surprise,tctodd4
data\high_quality\tctodd\tctodd4\take-1.tsd,take,1,51,22,float64,0,0,take,take,tctodd4
data\high_quality\tctodd\tctodd4\take-2.tsd,take,2,75,22,float64,0,0,take,take,tctodd4
data\high_quality\tctodd\tctodd4\take-3.tsd,take,3,54,22,float64,0,0,take,take,tctodd4
data\high_quality\tctodd\tctodd4\temper-1.tsd,temper,1,55,22,float64,0,0,temper,temper,tctodd4
data\high_quality\tctodd\tctodd4\temper-2.tsd,temper,2,54,22,float64,0,0,temper,temper,tctodd4
data\high_quality\tctodd\tctodd4\temper-3.tsd,temper,3,51,22,float64,0,0,temper,temper,tctodd4
data\high_quality\tctodd\tctodd4\thank-1.tsd,thank,1,53,22,float64,0,0,thank,thank,tctodd4
data\high_quality\tctodd\tctodd4\thank-2.tsd,thank,2,53,22,float64,0,0,thank,thank,tctodd4
data\high_quality\tctodd\tctodd4\thank-3.tsd,thank,3,50,22,float64,0,0,thank,thank,tctodd4
data\high_quality\tctodd\tctodd4\think-1.tsd,think,1,52,22,float64,0,0,think,think,tctodd4
data\high_quality\tctodd\tctodd4\think-2.tsd,think,2,52,22,float64,0,0,think,think,tctodd4
data\high_quality\tctodd\tctodd4\think-3.tsd,think,3,50,22,float64,0,0,think,think,tctodd4
data\high_quality\tctodd\tctodd4\tray-1.tsd,tray,1,56,22,float64,0,0,tray,tray,tctodd4
data\high_quality\tctodd\tctodd4\tray-2.tsd,tray,2,58,22,float64,0,0,tray,tray,tctodd4
data\high_quality\tctodd\tctodd4\tray-3.tsd,tray,3,59,22,float64,0,0,tray,tray,tctodd4
data\high_quality\tctodd\tctodd4\us-1.tsd,us,1,49,22,float64,0,0,us,us,tctodd4
data\high_quality\tctodd\tctodd4\us-2.tsd,us,2,54,22,float64,0,0,us,us,tctodd4
data\high_quality\tctodd\tctodd4\us-3.tsd,us,3,51,22,float64,0,0,us,us,tctodd4
data\high_quality\tctodd\tctodd4\voluntary-1.tsd,voluntary,1,60,22,float64,0,0,voluntary,voluntary,tctodd4
data\high_quality\tctodd\tctodd4\voluntary-2.tsd,voluntary,2,57,22,float64,0,0,voluntary,voluntary,tctodd4
data\high_quality\tctodd\tctodd4\voluntary-3.tsd,voluntary,3,56,22,float64,0,0,voluntary,voluntary,tctodd4
data\high_quality\tctodd\tctodd4\wait_notyet_-1.tsd,wait_notyet_,1,48,22,float64,0,0,wait_notyet_,wait_notyet_,tctodd4
data\high_quality\tctodd\tctodd4\wait_notyet_-2.tsd,wait_notyet_,2,56,22,float64,0,0,wait_notyet_,wait_notyet_,tctodd4
data\high_quality\tctodd\tctodd4\wait_notyet_-3.tsd,wait_notyet_,3,55,22,float64,0,0,wait_notyet_,wait_notyet_,tctodd4
data\high_quality\tctodd\tctodd4\what-1.tsd,what,1,50,22,float64,0,0,what,what,tctodd4
data\high_quality\tctodd\tctodd4\what-2.tsd,what,2,49,22,float64,0,0,what,what,tctodd4
data\high_quality\tctodd\tctodd4\what-3.tsd,what,3,49,22,float64,0,0,what,what,tctodd4
data\high_quality\tctodd\tctodd4\when-1.tsd,when,1,73,22,float64,0,0,when,when,tctodd4
data\high_quality\tctodd\tctodd4\when-2.tsd,when,2,57,22,float64,0,0,when,when,tctodd4
data\high_quality\tctodd\tctodd4\when-3.tsd,when,3,54,22,float64,0,0,when,when,tctodd4
data\high_quality\tctodd\tctodd4\where-1.tsd,where,1,57,22,float64,0,0,where,where,tctodd4
data\high_quality\tctodd\tctodd4\where-2.tsd,where,2,59,22,float64,0,0,where,where,tctodd4
data\high_quality\tctodd\tctodd4\where-3.tsd,where,3,51,22,float64,0,0,where,where,tctodd4
data\high_quality\tctodd\tctodd4\which-1.tsd,which,1,64,22,float64,0,0,which,which,tctodd4
data\high_quality\tctodd\tctodd4\which-2.tsd,which,2,55,22,float64,0,0,which,which,tctodd4
data\high_quality\tctodd\tctodd4\which-3.tsd,which,3,56,22,float64,0,0,which,which,tctodd4
data\high_quality\tctodd\tctodd4\who-1.tsd,who,1,52,22,float64,0,0,who,who,tctodd4
data\high_quality\tctodd\tctodd4\who-2.tsd,who,2,59,22,float64,0,0,who,who,tctodd4
data\high_quality\tctodd\tctodd4\who-3.tsd,who,3,54,22,float64,0,0,who,who,tctodd4
data\high_quality\tctodd\tctodd4\why-1.tsd,why,1,78,22,float64,0,0,why,why,tctodd4
data\high_quality\tctodd\tctodd4\why-2.tsd,why,2,54,22,float64,0,0,why,why,tctodd4
data\high_quality\tctodd\tctodd4\why-3.tsd,why,3,56,22,float64,0,0,why,why,tctodd4
data\high_quality\tctodd\tctodd4\wild-1.tsd,wild,1,83,22,float64,0,0,wild,wild,tctodd4
data\high_quality\tctodd\tctodd4\wild-2.tsd,wild,2,53,22,float64,0,0,wild,wild,tctodd4
data\high_quality\tctodd\tctodd4\wild-3.tsd,wild,3,62,22,float64,0,0,wild,wild,tctodd4
data\high_quality\tctodd\tctodd4\will-1.tsd,will,1,52,22,float64,0,0,will,will,tctodd4
data\high_quality\tctodd\tctodd4\will-2.tsd,will,2,51,22,float64,0,0,will,will,tctodd4
data\high_quality\tctodd\tctodd4\will-3.tsd,will,3,52,22,float64,0,0,will,will,tctodd4
data\high_quality\tctodd\tctodd4\write-1.tsd,write,1,59,22,float64,0,0,write,write,tctodd4
data\high_quality\tctodd\tctodd4\write-2.tsd,write,2,62,22,float64,0,0,write,write,tctodd4
data\high_quality\tctodd\tctodd4\write-3.tsd,write,3,65,22,float64,0,0,write,write,tctodd4
data\high_quality\tctodd\tctodd4\wrong-1.tsd,wrong,1,48,22,float64,0,0,wrong,wrong,tctodd4
data\high_quality\tctodd\tctodd4\wrong-2.tsd,wrong,2,55,22,float64,0,0,wrong,wrong,tctodd4
data\high_quality\tctodd\tctodd4\wrong-3.tsd,wrong,3,48,22,float64,0,0,wrong,wrong,tctodd4
data\high_quality\tctodd\tctodd4\yes-1.tsd,yes,1,53,22,float64,0,0,yes,yes,tctodd4
data\high_quality\tctodd\tctodd4\yes-2.tsd,yes,2,53,22,float64,0,0,yes,yes,tctodd4
data\high_quality\tctodd\tctodd4\yes-3.tsd,yes,3,57,22,float64,0,0,yes,yes,tctodd4
data\high_quality\tctodd\tctodd4\you-1.tsd,you,1,50,22,float64,0,0,you,you,tctodd4
data\high_quality\tctodd\tctodd4\you-2.tsd,you,2,50,22,float64,0,0,you,you,tctodd4
data\high_quality\tctodd\tctodd4\you-3.tsd,you,3,50,22,float64,0,0,you,you,tctodd4
data\high_quality\tctodd\tctodd4\zero-1.tsd,zero,1,51,22,float64,0,0,zero,zero,tctodd4
data\high_quality\tctodd\tctodd4\zero-2.tsd,zero,2,51,22,float64,0,0,zero,zero,tctodd4
data\high_quality\tctodd\tctodd4\zero-3.tsd,zero,3,48,22,float64,0,0,zero,zero,tctodd4
data\high_quality\tctodd\tctodd5\alive-1.tsd,alive,1,55,22,float64,0,0,alive,alive,tctodd5
data\high_quality\tctodd\tctodd5\alive-2.tsd,alive,2,53,22,float64,0,0,alive,alive,tctodd5
data\high_quality\tctodd\tctodd5\alive-3.tsd,alive,3,52,22,float64,0,0,alive,alive,tctodd5
data\high_quality\tctodd\tctodd5\all-1.tsd,all,1,56,22,float64,0,0,all,all,tctodd5
data\high_quality\tctodd\tctodd5\all-2.tsd,all,2,56,22,float64,0,0,all,all,tctodd5
data\high_quality\tctodd\tctodd5\all-3.tsd,all,3,69,22,float64,0,0,all,all,tctodd5
data\high_quality\tctodd\tctodd5\answer-1.tsd,answer,1,54,22,float64,0,0,answer,answer,tctodd5
data\high_quality\tctodd\tctodd5\answer-2.tsd,answer,2,61,22,float64,0,0,answer,answer,tctodd5
data\high_quality\tctodd\tctodd5\answer-3.tsd,answer,3,53,22,float64,0,0,answer,answer,tctodd5
data\high_quality\tctodd\tctodd5\boy-1.tsd,boy,1,53,22,float64,0,0,boy,boy,tctodd5
data\high_quality\tctodd\tctodd5\boy-2.tsd,boy,2,56,22,float64,0,0,boy,boy,tctodd5
data\high_quality\tctodd\tctodd5\boy-3.tsd,boy,3,55,22,float64,0,0,boy,boy,tctodd5
data\high_quality\tctodd\tctodd5\building-1.tsd,building,1,80,22,float64,0,0,building,building,tctodd5
data\high_quality\tctodd\tctodd5\building-2.tsd,building,2,67,22,float64,0,0,building,building,tctodd5
data\high_quality\tctodd\tctodd5\building-3.tsd,building,3,80,22,float64,0,0,building,building,tctodd5
data\high_quality\tctodd\tctodd5\buy-1.tsd,buy,1,80,22,float64,0,0,buy,buy,tctodd5
data\high_quality\tctodd\tctodd5\buy-2.tsd,buy,2,60,22,float64,0,0,buy,buy,tctodd5
data\high_quality\tctodd\tctodd5\buy-3.tsd,buy,3,51,22,float64,0,0,buy,buy,tctodd5
data\high_quality\tctodd\tctodd5\change_mind_-1.tsd,change_mind_,1,56,22,float64,0,0,change_mind_,change_mind_,tctodd5
data\high_quality\tctodd\tctodd5\change_mind_-2.tsd,change_mind_,2,55,22,float64,0,0,change_mind_,change_mind_,tctodd5
data\high_quality\tctodd\tctodd5\change_mind_-3.tsd,change_mind_,3,57,22,float64,0,0,change_mind_,change_mind_,tctodd5
data\high_quality\tctodd\tctodd5\cold-1.tsd,cold,1,57,22,float64,0,0,cold,cold,tctodd5
data\high_quality\tctodd\tctodd5\cold-2.tsd,cold,2,57,22,float64,0,0,cold,cold,tctodd5
data\high_quality\tctodd\tctodd5\cold-3.tsd,cold,3,62,22,float64,0,0,cold,cold,tctodd5
data\high_quality\tctodd\tctodd5\come-1.tsd,come,1,52,22,float64,0,0,come,come,tctodd5
data\high_quality\tctodd\tctodd5\come-2.tsd,come,2,50,22,float64,0,0,come,come,tctodd5
data\high_quality\tctodd\tctodd5\come-3.tsd,come,3,50,22,float64,0,0,come,come,tctodd5
data\high_quality\tctodd\tctodd5\computer_PC_-1.tsd,computer_PC_,1,60,22,float64,0,0,computer_PC_,computer_PC_,tctodd5
data\high_quality\tctodd\tctodd5\computer_PC_-2.tsd,computer_PC_,2,63,22,float64,0,0,computer_PC_,computer_PC_,tctodd5
data\high_quality\tctodd\tctodd5\computer_PC_-3.tsd,computer_PC_,3,65,22,float64,0,0,computer_PC_,computer_PC_,tctodd5
data\high_quality\tctodd\tctodd5\cost-1.tsd,cost,1,51,22,float64,0,0,cost,cost,tctodd5
data\high_quality\tctodd\tctodd5\cost-2.tsd,cost,2,51,22,float64,0,0,cost,cost,tctodd5
data\high_quality\tctodd\tctodd5\cost-3.tsd,cost,3,52,22,float64,0,0,cost,cost,tctodd5
data\high_quality\tctodd\tctodd5\crazy-1.tsd,crazy,1,58,22,float64,0,0,crazy,crazy,tctodd5
data\high_quality\tctodd\tctodd5\crazy-2.tsd,crazy,2,59,22,float64,0,0,crazy,crazy,tctodd5
data\high_quality\tctodd\tctodd5\crazy-3.tsd,crazy,3,59,22,float64,0,0,crazy,crazy,tctodd5
data\high_quality\tctodd\tctodd5\danger-1.tsd,danger,1,53,22,float64,0,0,danger,danger,tctodd5
data\high_quality\tctodd\tctodd5\danger-2.tsd,danger,2,54,22,float64,0,0,danger,danger,tctodd5
data\high_quality\tctodd\tctodd5\danger-3.tsd,danger,3,53,22,float64,0,0,danger,danger,tctodd5
data\high_quality\tctodd\tctodd5\deaf-1.tsd,deaf,1,54,22,float64,0,0,deaf,deaf,tctodd5
data\high_quality\tctodd\tctodd5\deaf-2.tsd,deaf,2,74,22,float64,0,0,deaf,deaf,tctodd5
data\high_quality\tctodd\tctodd5\deaf-3.tsd,deaf,3,54,22,float64,0,0,deaf,deaf,tctodd5
data\high_quality\tctodd\tctodd5\different-1.tsd,different,1,55,22,float64,0,0,different,different,tctodd5
data\high_quality\tctodd\tctodd5\different-2.tsd,different,2,51,22,float64,0,0,different,different,tctodd5
data\high_quality\tctodd\tctodd5\different-3.tsd,different,3,49,22,float64,0,0,different,different,tctodd5
data\high_quality\tctodd\tctodd5\draw-1.tsd,draw,1,65,22,float64,0,0,draw,draw,tctodd5
data\high_quality\tctodd\tctodd5\draw-2.tsd,draw,2,88,22,float64,0,0,draw,draw,tctodd5
data\high_quality\tctodd\tctodd5\draw-3.tsd,draw,3,54,22,float64,0,0,draw,draw,tctodd5
data\high_quality\tctodd\tctodd5\drink-1.tsd,drink,1,57,22,float64,0,0,drink,drink,tctodd5
data\high_quality\tctodd\tctodd5\drink-2.tsd,drink,2,52,22,float64,0,0,drink,drink,tctodd5
data\high_quality\tctodd\tctodd5\drink-3.tsd,drink,3,51,22,float64,0,0,drink,drink,tctodd5
data\high_quality\tctodd\tctodd5\eat-1.tsd,eat,1,53,22,float64,0,0,eat,eat,tctodd5
data\high_quality\tctodd\tctodd5\eat-2.tsd,eat,2,60,22,float64,0,0,eat,eat,tctodd5
data\high_quality\tctodd\tctodd5\eat-3.tsd,eat,3,55,22,float64,0,0,eat,eat,tctodd5
data\high_quality\tctodd\tctodd5\exit-1.tsd,exit,1,56,22,float64,0,0,exit,exit,tctodd5
data\high_quality\tctodd\tctodd5\exit-2.tsd,exit,2,54,22,float64,0,0,exit,exit,tctodd5
data\high_quality\tctodd\tctodd5\exit-3.tsd,exit,3,57,22,float64,0,0,exit,exit,tctodd5
data\high_quality\tctodd\tctodd5\flash-light-1.tsd,flash-light,1,56,22,float64,0,0,flash-light,flash-light,tctodd5
data\high_quality\tctodd\tctodd5\flash-light-2.tsd,flash-light,2,54,22,float64,0,0,flash-light,flash-light,tctodd5
data\high_quality\tctodd\tctodd5\flash-light-3.tsd,flash-light,3,59,22,float64,0,0,flash-light,flash-light,tctodd5
data\high_quality\tctodd\tctodd5\forget-1.tsd,forget,1,61,22,float64,0,0,forget,forget,tctodd5
data\high_quality\tctodd\tctodd5\forget-2.tsd,forget,2,52,22,float64,0,0,forget,forget,tctodd5
data\high_quality\tctodd\tctodd5\forget-3.tsd,forget,3,51,22,float64,0,0,forget,forget,tctodd5
data\high_quality\tctodd\tctodd5\girl-1.tsd,girl,1,52,22,float64,0,0,girl,girl,tctodd5
data\high_quality\tctodd\tctodd5\girl-2.tsd,girl,2,55,22,float64,0,0,girl,girl,tctodd5
data\high_quality\tctodd\tctodd5\girl-3.tsd,girl,3,51,22,float64,0,0,girl,girl,tctodd5
data\high_quality\tctodd\tctodd5\give-1.tsd,give,1,67,22,float64,0,0,give,give,tctodd5
data\high_quality\tctodd\tctodd5\give-2.tsd,give,2,52,22,float64,0,0,give,give,tctodd5
data\high_quality\tctodd\tctodd5\give-3.tsd,give,3,52,22,float64,0,0,give,give,tctodd5
data\high_quality\tctodd\tctodd5\glove-1.tsd,glove,1,57,22,float64,0,0,glove,glove,tctodd5
data\high_quality\tctodd\tctodd5\glove-2.tsd,glove,2,55,22,float64,0,0,glove,glove,tctodd5
data\high_quality\tctodd\tctodd5\glove-3.tsd,glove,3,50,22,float64,0,0,glove,glove,tctodd5
data\high_quality\tctodd\tctodd5\go-1.tsd,go,1,52,22,float64,0,0,go,go,tctodd5
data\high_quality\tctodd\tctodd5\go-2.tsd,go,2,53,22,float64,0,0,go,go,tctodd5
data\high_quality\tctodd\tctodd5\go-3.tsd,go,3,51,22,float64,0,0,go,go,tctodd5
data\high_quality\tctodd\tctodd5\God-1.tsd,God,1,62,22,float64,0,0,God,God,tctodd5
data\high_quality\tctodd\tctodd5\God-2.tsd,God,2,53,22,float64,0,0,God,God,tctodd5
data\high_quality\tctodd\tctodd5\God-3.tsd,God,3,53,22,float64,0,0,God,God,tctodd5
data\high_quality\tctodd\tctodd5\happy-1.tsd,happy,1,58,22,float64,0,0,happy,happy,tctodd5
data\high_quality\tctodd\tctodd5\happy-2.tsd,happy,2,58,22,float64,0,0,happy,happy,tctodd5
data\high_quality\tctodd\tctodd5\happy-3.tsd,happy,3,61,22,float64,0,0,happy,happy,tctodd5
data\high_quality\tctodd\tctodd5\head-1.tsd,head,1,52,22,float64,0,0,head,head,tctodd5
data\high_quality\tctodd\tctodd5\head-2.tsd,head,2,57,22,float64,0,0,head,head,tctodd5
data\high_quality\tctodd\tctodd5\head-3.tsd,head,3,49,22,float64,0,0,head,head,tctodd5
data\high_quality\tctodd\tctodd5\hear-1.tsd,hear,1,53,22,float64,0,0,hear,hear,tctodd5
data\high_quality\tctodd\tctodd5\hear-2.tsd,hear,2,55,22,float64,0,0,hear,hear,tctodd5
data\high_quality\tctodd\tctodd5\hear-3.tsd,hear,3,55,22,float64,0,0,hear,hear,tctodd5
data\high_quality\tctodd\tctodd5\hello-1.tsd,hello,1,69,22,float64,0,0,hello,hello,tctodd5
data\high_quality\tctodd\tctodd5\hello-2.tsd,hello,2,71,22,float64,0,0,hello,hello,tctodd5
data\high_quality\tctodd\tctodd5\hello-3.tsd,hello,3,48,22,float64,0,0,hello,hello,tctodd5
data\high_quality\tctodd\tctodd5\his_hers-1.tsd,his_hers,1,50,22,float64,0,0,his_hers,his_hers,tctodd5
data\high_quality\tctodd\tctodd5\his_hers-2.tsd,his_hers,2,47,22,float64,0,0,his_hers,his_hers,tctodd5
data\high_quality\tctodd\tctodd5\his_hers-3.tsd,his_hers,3,51,22,float64,0,0,his_hers,his_hers,tctodd5
data\high_quality\tctodd\tctodd5\hot-1.tsd,hot,1,49,22,float64,0,0,hot,hot,tctodd5
data\high_quality\tctodd\tctodd5\hot-2.tsd,hot,2,50,22,float64,0,0,hot,hot,tctodd5
data\high_quality\tctodd\tctodd5\hot-3.tsd,hot,3,49,22,float64,0,0,hot,hot,tctodd5
data\high_quality\tctodd\tctodd5\how-1.tsd,how,1,74,22,float64,0,0,how,how,tctodd5
data\high_quality\tctodd\tctodd5\how-2.tsd,how,2,59,22,float64,0,0,how,how,tctodd5
data\high_quality\tctodd\tctodd5\how-3.tsd,how,3,78,22,float64,0,0,how,how,tctodd5
data\high_quality\tctodd\tctodd5\hurry-1.tsd,hurry,1,54,22,float64,0,0,hurry,hurry,tctodd5
data\high_quality\tctodd\tctodd5\hurry-2.tsd,hurry,2,62,22,float64,0,0,hurry,hurry,tctodd5
data\high_quality\tctodd\tctodd5\hurry-3.tsd,hurry,3,57,22,float64,0,0,hurry,hurry,tctodd5
data\high_quality\tctodd\tctodd5\hurt-1.tsd,hurt,1,58,22,float64,0,0,hurt,hurt,tctodd5
data\high_quality\tctodd\tctodd5\hurt-2.tsd,hurt,2,57,22,float64,0,0,hurt,hurt,tctodd5
data\high_quality\tctodd\tctodd5\hurt-3.tsd,hurt,3,57,22,float64,0,0,hurt,hurt,tctodd5
data\high_quality\tctodd\tctodd5\I-1.tsd,I,1,52,22,float64,0,0,I,I,tctodd5
data\high_quality\tctodd\tctodd5\I-2.tsd,I,2,52,22,float64,0,0,I,I,tctodd5
data\high_quality\tctodd\tctodd5\I-3.tsd,I,3,51,22,float64,0,0,I,I,tctodd5
data\high_quality\tctodd\tctodd5\innocent-1.tsd,innocent,1,56,22,float64,0,0,innocent,innocent,tctodd5
data\high_quality\tctodd\tctodd5\innocent-2.tsd,innocent,2,55,22,float64,0,0,innocent,innocent,tctodd5
data\high_quality\tctodd\tctodd5\innocent-3.tsd,innocent,3,71,22,float64,0,0,innocent,innocent,tctodd5
data\high_quality\tctodd\tctodd5\is_true_-1.tsd,is_true_,1,52,22,float64,0,0,is_true_,is_true_,tctodd5
data\high_quality\tctodd\tctodd5\is_true_-2.tsd,is_true_,2,57,22,float64,0,0,is_true_,is_true_,tctodd5
data\high_quality\tctodd\tctodd5\is_true_-3.tsd,is_true_,3,50,22,float64,0,0,is_true_,is_true_,tctodd5
data\high_quality\tctodd\tctodd5\joke-1.tsd,joke,1,67,22,float64,0,0,joke,joke,tctodd5
data\high_quality\tctodd\tctodd5\joke-2.tsd,joke,2,55,22,float64,0,0,joke,joke,tctodd5
data\high_quality\tctodd\tctodd5\joke-3.tsd,joke,3,51,22,float64,0,0,joke,joke,tctodd5
data\high_quality\tctodd\tctodd5\juice-1.tsd,juice,1,63,22,float64,0,0,juice,juice,tctodd5
data\high_quality\tctodd\tctodd5\juice-2.tsd,juice,2,53,22,float64,0,0,juice,juice,tctodd5
data\high_quality\tctodd\tctodd5\juice-3.tsd,juice,3,54,22,float64,0,0,juice,juice,tctodd5
data\high_quality\tctodd\tctodd5\know-1.tsd,know,1,58,22,float64,0,0,know,know,tctodd5
data\high_quality\tctodd\tctodd5\know-2.tsd,know,2,53,22,float64,0,0,know,know,tctodd5
data\high_quality\tctodd\tctodd5\know-3.tsd,know,3,51,22,float64,0,0,know,know,tctodd5
data\high_quality\tctodd\tctodd5\later-1.tsd,later,1,57,22,float64,0,0,later,later,tctodd5
data\high_quality\tctodd\tctodd5\later-2.tsd,later,2,56,22,float64,0,0,later,later,tctodd5
data\high_quality\tctodd\tctodd5\later-3.tsd,later,3,58,22,float64,0,0,later,later,tctodd5
data\high_quality\tctodd\tctodd5\lose-1.tsd,lose,1,51,22,float64,0,0,lose,lose,tctodd5
data\high_quality\tctodd\tctodd5\lose-2.tsd,lose,2,56,22,float64,0,0,lose,lose,tctodd5
data\high_quality\tctodd\tctodd5\lose-3.tsd,lose,3,54,22,float64,0,0,lose,lose,tctodd5
data\high_quality\tctodd\tctodd5\love-1.tsd,love,1,54,22,float64,0,0,love,love,tctodd5
data\high_quality\tctodd\tctodd5\love-2.tsd,love,2,60,22,float64,0,0,love,love,tctodd5
data\high_quality\tctodd\tctodd5\love-3.tsd,love,3,54,22,float64,0,0,love,love,tctodd5
data\high_quality\tctodd\tctodd5\make-1.tsd,make,1,82,22,float64,0,0,make,make,tctodd5
data\high_quality\tctodd\tctodd5\make-2.tsd,make,2,52,22,float64,0,0,make,make,tctodd5
data\high_quality\tctodd\tctodd5\make-3.tsd,make,3,58,22,float64,0,0,make,make,tctodd5
data\high_quality\tctodd\tctodd5\man-1.tsd,man,1,52,22,float64,0,0,man,man,tctodd5
data\high_quality\tctodd\tctodd5\man-2.tsd,man,2,52,22,float64,0,0,man,man,tctodd5
data\high_quality\tctodd\tctodd5\man-3.tsd,man,3,51,22,float64,0,0,man,man,tctodd5
data\high_quality\tctodd\tctodd5\maybe-1.tsd,maybe,1,53,22,float64,0,0,maybe,maybe,tctodd5
data\high_quality\tctodd\tctodd5\maybe-2.tsd,maybe,2,51,22,float64,0,0,maybe,maybe,tctodd5
data\high_quality\tctodd\tctodd5\maybe-3.tsd,maybe,3,53,22,float64,0,0,maybe,maybe,tctodd5
data\high_quality\tctodd\tctodd5\mine-1.tsd,mine,1,49,22,float64,0,0,mine,mine,tctodd5
data\high_quality\tctodd\tctodd5\mine-2.tsd,mine,2,54,22,float64,0,0,mine,mine,tctodd5
data\high_quality\tctodd\tctodd5\mine-3.tsd,mine,3,51,22,float64,0,0,mine,mine,tctodd5
data\high_quality\tctodd\tctodd5\money-1.tsd,money,1,56,22,float64,0,0,money,money,tctodd5
data\high_quality\tctodd\tctodd5\money-2.tsd,money,2,55,22,float64,0,0,money,money,tctodd5
data\high_quality\tctodd\tctodd5\money-3.tsd,money,3,56,22,float64,0,0,money,money,tctodd5
data\high_quality\tctodd\tctodd5\more-1.tsd,more,1,51,22,float64,0,0,more,more,tctodd5
data\high_quality\tctodd\tctodd5\more-2.tsd,more,2,51,22,float64,0,0,more,more,tctodd5
data\high_quality\tctodd\tctodd5\more-3.tsd,more,3,49,22,float64,0,0,more,more,tctodd5
data\high_quality\tctodd\tctodd5\name-1.tsd,name,1,51,22,float64,0,0,name,name,tctodd5
data\high_quality\tctodd\tctodd5\name-2.tsd,name,2,52,22,float64,0,0,name,name,tctodd5
data\high_quality\tctodd\tctodd5\name-3.tsd,name,3,72,22,float64,0,0,name,name,tctodd5
data\high_quality\tctodd\tctodd5\no-1.tsd,no,1,51,22,float64,0,0,no,no,tctodd5
data\high_quality\tctodd\tctodd5\no-2.tsd,no,2,52,22,float64,0,0,no,no,tctodd5
data\high_quality\tctodd\tctodd5\no-3.tsd,no,3,51,22,float64,0,0,no,no,tctodd5
data\high_quality\tctodd\tctodd5\Norway-1.tsd,Norway,1,59,22,float64,0,0,Norway,Norway,tctodd5
data\high_quality\tctodd\tctodd5\Norway-2.tsd,Norway,2,56,22,float64,0,0,Norway,Norway,tctodd5
data\high_quality\tctodd\tctodd5\Norway-3.tsd,Norway,3,58,22,float64,0,0,Norway,Norway,tctodd5
data\high_quality\tctodd\tctodd5\not-my-problem-1.tsd,not-my-problem,1,52,22,float64,0,0,not-my-problem,not-my-problem,tctodd5
data\high_quality\tctodd\tctodd5\not-my-problem-2.tsd,not-my-problem,2,51,22,float64,0,0,not-my-problem,not-my-problem,tctodd5
data\high_quality\tctodd\tctodd5\not-my-problem-3.tsd,not-my-problem,3,52,22,float64,0,0,not-my-problem,not-my-problem,tctodd5
data\high_quality\tctodd\tctodd5\paper-1.tsd,paper,1,55,22,float64,0,0,paper,paper,tctodd5
data\high_quality\tctodd\tctodd5\paper-2.tsd,paper,2,57,22,float64,0,0,paper,paper,tctodd5
data\high_quality\tctodd\tctodd5\paper-3.tsd,paper,3,54,22,float64,0,0,paper,paper,tctodd5
data\high_quality\tctodd\tctodd5\pen-1.tsd,pen,1,62,22,float64,0,0,pen,pen,tctodd5
data\high_quality\tctodd\tctodd5\pen-2.tsd,pen,2,54,22,float64,0,0,pen,pen,tctodd5
data\high_quality\tctodd\tctodd5\pen-3.tsd,pen,3,55,22,float64,0,0,pen,pen,tctodd5
data\high_quality\tctodd\tctodd5\please-1.tsd,please,1,53,22,float64,0,0,please,please,tctodd5
data\high_quality\tctodd\tctodd5\please-2.tsd,please,2,53,22,float64,0,0,please,please,tctodd5
data\high_quality\tctodd\tctodd5\please-3.tsd,please,3,52,22,float64,0,0,please,please,tctodd5
data\high_quality\tctodd\tctodd5\polite-1.tsd,polite,1,55,22,float64,0,0,polite,polite,tctodd5
data\high_quality\tctodd\tctodd5\polite-2.tsd,polite,2,54,22,float64,0,0,polite,polite,tctodd5
data\high_quality\tctodd\tctodd5\polite-3.tsd,polite,3,52,22,float64,0,0,polite,polite,tctodd5
data\high_quality\tctodd\tctodd5\question-1.tsd,question,1,51,22,float64,0,0,question,question,tctodd5
data\high_quality\tctodd\tctodd5\question-2.tsd,question,2,58,22,float64,0,0,question,question,tctodd5
data\high_quality\tctodd\tctodd5\question-3.tsd,question,3,53,22,float64,0,0,question,question,tctodd5
data\high_quality\tctodd\tctodd5\read-1.tsd,read,1,63,22,float64,0,0,read,read,tctodd5
data\high_quality\tctodd\tctodd5\read-2.tsd,read,2,59,22,float64,0,0,read,read,tctodd5
data\high_quality\tctodd\tctodd5\read-3.tsd,read,3,60,22,float64,0,0,read,read,tctodd5
data\high_quality\tctodd\tctodd5\ready-1.tsd,ready,1,53,22,float64,0,0,ready,ready,tctodd5
data\high_quality\tctodd\tctodd5\ready-2.tsd,ready,2,58,22,float64,0,0,ready,ready,tctodd5
data\high_quality\tctodd\tctodd5\ready-3.tsd,ready,3,77,22,float64,0,0,ready,ready,tctodd5
data\high_quality\tctodd\tctodd5\research-1.tsd,research,1,55,22,float64,0,0,research,research,tctodd5
data\high_quality\tctodd\tctodd5\research-2.tsd,research,2,60,22,float64,0,0,research,research,tctodd5
data\high_quality\tctodd\tctodd5\research-3.tsd,research,3,59,22,float64,0,0,research,research,tctodd5
data\high_quality\tctodd\tctodd5\responsible-1.tsd,responsible,1,54,22,float64,0,0,responsible,responsible,tctodd5
data\high_quality\tctodd\tctodd5\responsible-2.tsd,responsible,2,59,22,float64,0,0,responsible,responsible,tctodd5
data\high_quality\tctodd\tctodd5\responsible-3.tsd,responsible,3,60,22,float64,0,0,responsible,responsible,tctodd5
data\high_quality\tctodd\tctodd5\right-1.tsd,right,1,50,22,float64,0,0,right,right,tctodd5
data\high_quality\tctodd\tctodd5\right-2.tsd,right,2,48,22,float64,0,0,right,right,tctodd5
data\high_quality\tctodd\tctodd5\right-3.tsd,right,3,51,22,float64,0,0,right,right,tctodd5
data\high_quality\tctodd\tctodd5\sad-1.tsd,sad,1,75,22,float64,0,0,sad,sad,tctodd5
data\high_quality\tctodd\tctodd5\sad-2.tsd,sad,2,81,22,float64,0,0,sad,sad,tctodd5
data\high_quality\tctodd\tctodd5\sad-3.tsd,sad,3,53,22,float64,0,0,sad,sad,tctodd5
data\high_quality\tctodd\tctodd5\same-1.tsd,same,1,53,22,float64,0,0,same,same,tctodd5
data\high_quality\tctodd\tctodd5\same-2.tsd,same,2,69,22,float64,0,0,same,same,tctodd5
data\high_quality\tctodd\tctodd5\same-3.tsd,same,3,57,22,float64,0,0,same,same,tctodd5
data\high_quality\tctodd\tctodd5\science-1.tsd,science,1,58,22,float64,0,0,science,science,tctodd5
data\high_quality\tctodd\tctodd5\science-2.tsd,science,2,63,22,float64,0,0,science,science,tctodd5
data\high_quality\tctodd\tctodd5\science-3.tsd,science,3,67,22,float64,0,0,science,science,tctodd5
data\high_quality\tctodd\tctodd5\share-1.tsd,share,1,62,22,float64,0,0,share,share,tctodd5
data\high_quality\tctodd\tctodd5\share-2.tsd,share,2,63,22,float64,0,0,share,share,tctodd5
data\high_quality\tctodd\tctodd5\share-3.tsd,share,3,54,22,float64,0,0,share,share,tctodd5
data\high_quality\tctodd\tctodd5\shop-1.tsd,shop,1,50,22,float64,0,0,shop,shop,tctodd5
data\high_quality\tctodd\tctodd5\shop-2.tsd,shop,2,53,22,float64,0,0,shop,shop,tctodd5
data\high_quality\tctodd\tctodd5\shop-3.tsd,shop,3,54,22,float64,0,0,shop,shop,tctodd5
data\high_quality\tctodd\tctodd5\soon-1.tsd,soon,1,70,22,float64,0,0,soon,soon,tctodd5
data\high_quality\tctodd\tctodd5\soon-2.tsd,soon,2,55,22,float64,0,0,soon,soon,tctodd5
data\high_quality\tctodd\tctodd5\soon-3.tsd,soon,3,56,22,float64,0,0,soon,soon,tctodd5
data\high_quality\tctodd\tctodd5\sorry-1.tsd,sorry,1,53,22,float64,0,0,sorry,sorry,tctodd5
data\high_quality\tctodd\tctodd5\sorry-2.tsd,sorry,2,58,22,float64,0,0,sorry,sorry,tctodd5
data\high_quality\tctodd\tctodd5\sorry-3.tsd,sorry,3,56,22,float64,0,0,sorry,sorry,tctodd5
data\high_quality\tctodd\tctodd5\spend-1.tsd,spend,1,60,22,float64,0,0,spend,spend,tctodd5
data\high_quality\tctodd\tctodd5\spend-2.tsd,spend,2,54,22,float64,0,0,spend,spend,tctodd5
data\high_quality\tctodd\tctodd5\spend-3.tsd,spend,3,56,22,float64,0,0,spend,spend,tctodd5
data\high_quality\tctodd\tctodd5\stubborn-1.tsd,stubborn,1,52,22,float64,0,0,stubborn,stubborn,tctodd5
data\high_quality\tctodd\tctodd5\stubborn-2.tsd,stubborn,2,49,22,float64,0,0,stubborn,stubborn,tctodd5
data\high_quality\tctodd\tctodd5\stubborn-3.tsd,stubborn,3,56,22,float64,0,0,stubborn,stubborn,tctodd5
data\high_quality\tctodd\tctodd5\surprise-1.tsd,surprise,1,49,22,float64,0,0,surprise,surprise,tctodd5
data\high_quality\tctodd\tctodd5\surprise-2.tsd,surprise,2,52,22,float64,0,0,surprise,surprise,tctodd5
data\high_quality\tctodd\tctodd5\surprise-3.tsd,surprise,3,54,22,float64,0,0,surprise,surprise,tctodd5
data\high_quality\tctodd\tctodd5\take-1.tsd,take,1,53,22,float64,0,0,take,take,tctodd5
data\high_quality\tctodd\tctodd5\take-2.tsd,take,2,52,22,float64,0,0,take,take,tctodd5
data\high_quality\tctodd\tctodd5\take-3.tsd,take,3,54,22,float64,0,0,take,take,tctodd5
data\high_quality\tctodd\tctodd5\temper-1.tsd,temper,1,58,22,float64,0,0,temper,temper,tctodd5
data\high_quality\tctodd\tctodd5\temper-2.tsd,temper,2,55,22,float64,0,0,temper,temper,tctodd5
data\high_quality\tctodd\tctodd5\temper-3.tsd,temper,3,53,22,float64,0,0,temper,temper,tctodd5
data\high_quality\tctodd\tctodd5\thank-1.tsd,thank,1,50,22,float64,0,0,thank,thank,tctodd5
data\high_quality\tctodd\tctodd5\thank-2.tsd,thank,2,66,22,float64,0,0,thank,thank,tctodd5
data\high_quality\tctodd\tctodd5\thank-3.tsd,thank,3,50,22,float64,0,0,thank,thank,tctodd5
data\high_quality\tctodd\tctodd5\think-1.tsd,think,1,51,22,float64,0,0,think,think,tctodd5
data\high_quality\tctodd\tctodd5\think-2.tsd,think,2,52,22,float64,0,0,think,think,tctodd5
data\high_quality\tctodd\tctodd5\think-3.tsd,think,3,52,22,float64,0,0,think,think,tctodd5
data\high_quality\tctodd\tctodd5\tray-1.tsd,tray,1,62,22,float64,0,0,tray,tray,tctodd5
data\high_quality\tctodd\tctodd5\tray-2.tsd,tray,2,61,22,float64,0,0,tray,tray,tctodd5
data\high_quality\tctodd\tctodd5\tray-3.tsd,tray,3,59,22,float64,0,0,tray,tray,tctodd5
data\high_quality\tctodd\tctodd5\us-1.tsd,us,1,52,22,float64,0,0,us,us,tctodd5
data\high_quality\tctodd\tctodd5\us-2.tsd,us,2,53,22,float64,0,0,us,us,tctodd5
data\high_quality\tctodd\tctodd5\us-3.tsd,us,3,54,22,float64,0,0,us,us,tctodd5
data\high_quality\tctodd\tctodd5\voluntary-1.tsd,voluntary,1,61,22,float64,0,0,voluntary,voluntary,tctodd5
data\high_quality\tctodd\tctodd5\voluntary-2.tsd,voluntary,2,56,22,float64,0,0,voluntary,voluntary,tctodd5
data\high_quality\tctodd\tctodd5\voluntary-3.tsd,voluntary,3,60,22,float64,0,0,voluntary,voluntary,tctodd5
data\high_quality\tctodd\tctodd5\wait_notyet_-1.tsd,wait_notyet_,1,59,22,float64,0,0,wait_notyet_,wait_notyet_,tctodd5
data\high_quality\tctodd\tctodd5\wait_notyet_-2.tsd,wait_notyet_,2,52,22,float64,0,0,wait_notyet_,wait_notyet_,tctodd5
data\high_quality\tctodd\tctodd5\wait_notyet_-3.tsd,wait_notyet_,3,58,22,float64,0,0,wait_notyet_,wait_notyet_,tctodd5
data\high_quality\tctodd\tctodd5\what-1.tsd,what,1,52,22,float64,0,0,what,what,tctodd5
data\high_quality\tctodd\tctodd5\what-2.tsd,what,2,49,22,float64,0,0,what,what,tctodd5
data\high_quality\tctodd\tctodd5\what-3.tsd,what,3,75,22,float64,0,0,what,what,tctodd5
data\high_quality\tctodd\tctodd5\when-1.tsd,when,1,70,22,float64,0,0,when,when,tctodd5
data\high_quality\tctodd\tctodd5\when-2.tsd,when,2,56,22,float64,0,0,when,when,tctodd5
data\high_quality\tctodd\tctodd5\when-3.tsd,when,3,71,22,float64,0,0,when,when,tctodd5
data\high_quality\tctodd\tctodd5\where-1.tsd,where,1,54,22,float64,0,0,where,where,tctodd5
data\high_quality\tctodd\tctodd5\where-2.tsd,where,2,56,22,float64,0,0,where,where,tctodd5
data\high_quality\tctodd\tctodd5\where-3.tsd,where,3,59,22,float64,0,0,where,where,tctodd5
data\high_quality\tctodd\tctodd5\which-1.tsd,which,1,56,22,float64,0,0,which,which,tctodd5
data\high_quality\tctodd\tctodd5\which-2.tsd,which,2,55,22,float64,0,0,which,which,tctodd5
data\high_quality\tctodd\tctodd5\which-3.tsd,which,3,55,22,float64,0,0,which,which,tctodd5
data\high_quality\tctodd\tctodd5\who-1.tsd,who,1,52,22,float64,0,0,who,who,tctodd5
data\high_quality\tctodd\tctodd5\who-2.tsd,who,2,59,22,float64,0,0,who,who,tctodd5
data\high_quality\tctodd\tctodd5\who-3.tsd,who,3,57,22,float64,0,0,who,who,tctodd5
data\high_quality\tctodd\tctodd5\why-1.tsd,why,1,57,22,float64,0,0,why,why,tctodd5
data\high_quality\tctodd\tctodd5\why-2.tsd,why,2,56,22,float64,0,0,why,why,tctodd5
data\high_quality\tctodd\tctodd5\why-3.tsd,why,3,74,22,float64,0,0,why,why,tctodd5
data\high_quality\tctodd\tctodd5\wild-1.tsd,wild,1,54,22,float64,0,0,wild,wild,tctodd5
data\high_quality\tctodd\tctodd5\wild-2.tsd,wild,2,56,22,float64,0,0,wild,wild,tctodd5
data\high_quality\tctodd\tctodd5\wild-3.tsd,wild,3,59,22,float64,0,0,wild,wild,tctodd5
data\high_quality\tctodd\tctodd5\will-1.tsd,will,1,53,22,float64,0,0,will,will,tctodd5
data\high_quality\tctodd\tctodd5\will-2.tsd,will,2,51,22,float64,0,0,will,will,tctodd5
data\high_quality\tctodd\tctodd5\will-3.tsd,will,3,49,22,float64,0,0,will,will,tctodd5
data\high_quality\tctodd\tctodd5\write-1.tsd,write,1,65,22,float64,0,0,write,write,tctodd5
data\high_quality\tctodd\tctodd5\write-2.tsd,write,2,78,22,float64,0,0,write,write,tctodd5
data\high_quality\tctodd\tctodd5\write-3.tsd,write,3,87,22,float64,0,0,write,write,tctodd5
data\high_quality\tctodd\tctodd5\wrong-1.tsd,wrong,1,52,22,float64,0,0,wrong,wrong,tctodd5
data\high_quality\tctodd\tctodd5\wrong-2.tsd,wrong,2,51,22,float64,0,0,wrong,wrong,tctodd5
data\high_quality\tctodd\tctodd5\wrong-3.tsd,wrong,3,51,22,float64,0,0,wrong,wrong,tctodd5
data\high_quality\tctodd\tctodd5\yes-1.tsd,yes,1,56,22,float64,0,0,yes,yes,tctodd5
data\high_quality\tctodd\tctodd5\yes-2.tsd,yes,2,56,22,float64,0,0,yes,yes,tctodd5
data\high_quality\tctodd\tctodd5\yes-3.tsd,yes,3,84,22,float64,0,0,yes,yes,tctodd5
data\high_quality\tctodd\tctodd5\you-1.tsd,you,1,52,22,float64,0,0,you,you,tctodd5
data\high_quality\tctodd\tctodd5\you-2.tsd,you,2,60,22,float64,0,0,you,you,tctodd5
data\high_quality\tctodd\tctodd5\you-3.tsd,you,3,52,22,float64,0,0,you,you,tctodd5
data\high_quality\tctodd\tctodd5\zero-1.tsd,zero,1,48,22,float64,0,0,zero,zero,tctodd5
data\high_quality\tctodd\tctodd5\zero-2.tsd,zero,2,52,22,float64,0,0,zero,zero,tctodd5
data\high_quality\tctodd\tctodd5\zero-3.tsd,zero,3,53,22,float64,0,0,zero,zero,tctodd5
data\high_quality\tctodd\tctodd6\alive-1.tsd,alive,1,57,22,float64,0,0,alive,alive,tctodd6
data\high_quality\tctodd\tctodd6\alive-2.tsd,alive,2,59,22,float64,0,0,alive,alive,tctodd6
data\high_quality\tctodd\tctodd6\alive-3.tsd,alive,3,58,22,float64,0,0,alive,alive,tctodd6
data\high_quality\tctodd\tctodd6\all-1.tsd,all,1,62,22,float64,0,0,all,all,tctodd6
data\high_quality\tctodd\tctodd6\all-2.tsd,all,2,58,22,float64,0,0,all,all,tctodd6
data\high_quality\tctodd\tctodd6\all-3.tsd,all,3,79,22,float64,0,0,all,all,tctodd6
data\high_quality\tctodd\tctodd6\answer-1.tsd,answer,1,53,22,float64,0,0,answer,answer,tctodd6
data\high_quality\tctodd\tctodd6\answer-2.tsd,answer,2,56,22,float64,0,0,answer,answer,tctodd6
data\high_quality\tctodd\tctodd6\answer-3.tsd,answer,3,61,22,float64,0,0,answer,answer,tctodd6
data\high_quality\tctodd\tctodd6\boy-1.tsd,boy,1,59,22,float64,0,0,boy,boy,tctodd6
data\high_quality\tctodd\tctodd6\boy-2.tsd,boy,2,60,22,float64,0,0,boy,boy,tctodd6
data\high_quality\tctodd\tctodd6\boy-3.tsd,boy,3,63,22,float64,0,0,boy,boy,tctodd6
data\high_quality\tctodd\tctodd6\building-1.tsd,building,1,75,22,float64,0,0,building,building,tctodd6
data\high_quality\tctodd\tctodd6\building-2.tsd,building,2,72,22,float64,0,0,building,building,tctodd6
data\high_quality\tctodd\tctodd6\building-3.tsd,building,3,68,22,float64,0,0,building,building,tctodd6
data\high_quality\tctodd\tctodd6\buy-1.tsd,buy,1,54,22,float64,0,0,buy,buy,tctodd6
data\high_quality\tctodd\tctodd6\buy-2.tsd,buy,2,66,22,float64,0,0,buy,buy,tctodd6
data\high_quality\tctodd\tctodd6\buy-3.tsd,buy,3,52,22,float64,0,0,buy,buy,tctodd6
data\high_quality\tctodd\tctodd6\change_mind_-1.tsd,change_mind_,1,60,22,float64,0,0,change_mind_,change_mind_,tctodd6
data\high_quality\tctodd\tctodd6\change_mind_-2.tsd,change_mind_,2,64,22,float64,0,0,change_mind_,change_mind_,tctodd6
data\high_quality\tctodd\tctodd6\change_mind_-3.tsd,change_mind_,3,62,22,float64,0,0,change_mind_,change_mind_,tctodd6
data\high_quality\tctodd\tctodd6\cold-1.tsd,cold,1,60,22,float64,0,0,cold,cold,tctodd6
data\high_quality\tctodd\tctodd6\cold-2.tsd,cold,2,61,22,float64,0,0,cold,cold,tctodd6
data\high_quality\tctodd\tctodd6\cold-3.tsd,cold,3,60,22,float64,0,0,cold,cold,tctodd6
data\high_quality\tctodd\tctodd6\come-1.tsd,come,1,53,22,float64,0,0,come,come,tctodd6
data\high_quality\tctodd\tctodd6\come-2.tsd,come,2,57,22,float64,0,0,come,come,tctodd6
data\high_quality\tctodd\tctodd6\come-3.tsd,come,3,83,22,float64,0,0,come,come,tctodd6
data\high_quality\tctodd\tctodd6\computer_PC_-1.tsd,computer_PC_,1,61,22,float64,0,0,computer_PC_,computer_PC_,tctodd6
data\high_quality\tctodd\tctodd6\computer_PC_-2.tsd,computer_PC_,2,75,22,float64,0,0,computer_PC_,computer_PC_,tctodd6
data\high_quality\tctodd\tctodd6\computer_PC_-3.tsd,computer_PC_,3,65,22,float64,0,0,computer_PC_,computer_PC_,tctodd6
data\high_quality\tctodd\tctodd6\cost-1.tsd,cost,1,55,22,float64,0,0,cost,cost,tctodd6
data\high_quality\tctodd\tctodd6\cost-2.tsd,cost,2,57,22,float64,0,0,cost,cost,tctodd6
data\high_quality\tctodd\tctodd6\cost-3.tsd,cost,3,52,22,float64,0,0,cost,cost,tctodd6
data\high_quality\tctodd\tctodd6\crazy-1.tsd,crazy,1,61,22,float64,0,0,crazy,crazy,tctodd6
data\high_quality\tctodd\tctodd6\crazy-2.tsd,crazy,2,61,22,float64,0,0,crazy,crazy,tctodd6
data\high_quality\tctodd\tctodd6\crazy-3.tsd,crazy,3,67,22,float64,0,0,crazy,crazy,tctodd6
data\high_quality\tctodd\tctodd6\danger-1.tsd,danger,1,59,22,float64,0,0,danger,danger,tctodd6
data\high_quality\tctodd\tctodd6\danger-2.tsd,danger,2,60,22,float64,0,0,danger,danger,tctodd6
data\high_quality\tctodd\tctodd6\danger-3.tsd,danger,3,61,22,float64,0,0,danger,danger,tctodd6
data\high_quality\tctodd\tctodd6\deaf-1.tsd,deaf,1,60,22,float64,0,0,deaf,deaf,tctodd6
data\high_quality\tctodd\tctodd6\deaf-2.tsd,deaf,2,58,22,float64,0,0,deaf,deaf,tctodd6
data\high_quality\tctodd\tctodd6\deaf-3.tsd,deaf,3,65,22,float64,0,0,deaf,deaf,tctodd6
data\high_quality\tctodd\tctodd6\different-1.tsd,different,1,57,22,float64,0,0,different,different,tctodd6
data\high_quality\tctodd\tctodd6\different-2.tsd,different,2,56,22,float64,0,0,different,different,tctodd6
data\high_quality\tctodd\tctodd6\different-3.tsd,different,3,61,22,float64,0,0,different,different,tctodd6
data\high_quality\tctodd\tctodd6\draw-1.tsd,draw,1,60,22,float64,0,0,draw,draw,tctodd6
data\high_quality\tctodd\tctodd6\draw-2.tsd,draw,2,70,22,float64,0,0,draw,draw,tctodd6
data\high_quality\tctodd\tctodd6\draw-3.tsd,draw,3,92,22,float64,0,0,draw,draw,tctodd6
data\high_quality\tctodd\tctodd6\drink-1.tsd,drink,1,55,22,float64,0,0,drink,drink,tctodd6
data\high_quality\tctodd\tctodd6\drink-2.tsd,drink,2,57,22,float64,0,0,drink,drink,tctodd6
data\high_quality\tctodd\tctodd6\drink-3.tsd,drink,3,60,22,float64,0,0,drink,drink,tctodd6
data\high_quality\tctodd\tctodd6\eat-1.tsd,eat,1,54,22,float64,0,0,eat,eat,tctodd6
data\high_quality\tctodd\tctodd6\eat-2.tsd,eat,2,58,22,float64,0,0,eat,eat,tctodd6
data\high_quality\tctodd\tctodd6\eat-3.tsd,eat,3,60,22,float64,0,0,eat,eat,tctodd6
data\high_quality\tctodd\tctodd6\exit-1.tsd,exit,1,55,22,float64,0,0,exit,exit,tctodd6
data\high_quality\tctodd\tctodd6\exit-2.tsd,exit,2,61,22,float64,0,0,exit,exit,tctodd6
data\high_quality\tctodd\tctodd6\exit-3.tsd,exit,3,79,22,float64,0,0,exit,exit,tctodd6
data\high_quality\tctodd\tctodd6\flash-light-1.tsd,flash-light,1,66,22,float64,0,0,flash-light,flash-light,tctodd6
data\high_quality\tctodd\tctodd6\flash-light-2.tsd,flash-light,2,66,22,float64,0,0,flash-light,flash-light,tctodd6
data\high_quality\tctodd\tctodd6\flash-light-3.tsd,flash-light,3,68,22,float64,0,0,flash-light,flash-light,tctodd6
data\high_quality\tctodd\tctodd6\forget-1.tsd,forget,1,57,22,float64,0,0,forget,forget,tctodd6
data\high_quality\tctodd\tctodd6\forget-2.tsd,forget,2,55,22,float64,0,0,forget,forget,tctodd6
data\high_quality\tctodd\tctodd6\forget-3.tsd,forget,3,60,22,float64,0,0,forget,forget,tctodd6
data\high_quality\tctodd\tctodd6\girl-1.tsd,girl,1,59,22,float64,0,0,girl,girl,tctodd6
data\high_quality\tctodd\tctodd6\girl-2.tsd,girl,2,60,22,float64,0,0,girl,girl,tctodd6
data\high_quality\tctodd\tctodd6\girl-3.tsd,girl,3,60,22,float64,0,0,girl,girl,tctodd6
data\high_quality\tctodd\tctodd6\give-1.tsd,give,1,58,22,float64,0,0,give,give,tctodd6
data\high_quality\tctodd\tctodd6\give-2.tsd,give,2,57,22,float64,0,0,give,give,tctodd6
data\high_quality\tctodd\tctodd6\give-3.tsd,give,3,62,22,float64,0,0,give,give,tctodd6
data\high_quality\tctodd\tctodd6\glove-1.tsd,glove,1,58,22,float64,0,0,glove,glove,tctodd6
data\high_quality\tctodd\tctodd6\glove-2.tsd,glove,2,66,22,float64,0,0,glove,glove,tctodd6
data\high_quality\tctodd\tctodd6\glove-3.tsd,glove,3,61,22,float64,0,0,glove,glove,tctodd6
data\high_quality\tctodd\tctodd6\go-1.tsd,go,1,55,22,float64,0,0,go,go,tctodd6
data\high_quality\tctodd\tctodd6\go-2.tsd,go,2,56,22,float64,0,0,go,go,tctodd6
data\high_quality\tctodd\tctodd6\go-3.tsd,go,3,59,22,float64,0,0,go,go,tctodd6
data\high_quality\tctodd\tctodd6\God-1.tsd,God,1,58,22,float64,0,0,God,God,tctodd6
data\high_quality\tctodd\tctodd6\God-2.tsd,God,2,57,22,float64,0,0,God,God,tctodd6
data\high_quality\tctodd\tctodd6\God-3.tsd,God,3,61,22,float64,0,0,God,God,tctodd6
data\high_quality\tctodd\tctodd6\happy-1.tsd,happy,1,57,22,float64,0,0,happy,happy,tctodd6
data\high_quality\tctodd\tctodd6\happy-2.tsd,happy,2,65,22,float64,0,0,happy,happy,tctodd6
data\high_quality\tctodd\tctodd6\happy-3.tsd,happy,3,64,22,float64,0,0,happy,happy,tctodd6
data\high_quality\tctodd\tctodd6\head-1.tsd,head,1,56,22,float64,0,0,head,head,tctodd6
data\high_quality\tctodd\tctodd6\head-2.tsd,head,2,57,22,float64,0,0,head,head,tctodd6
data\high_quality\tctodd\tctodd6\head-3.tsd,head,3,57,22,float64,0,0,head,head,tctodd6
data\high_quality\tctodd\tctodd6\hear-1.tsd,hear,1,71,22,float64,0,0,hear,hear,tctodd6
data\high_quality\tctodd\tctodd6\hear-2.tsd,hear,2,53,22,float64,0,0,hear,hear,tctodd6
data\high_quality\tctodd\tctodd6\hear-3.tsd,hear,3,55,22,float64,0,0,hear,hear,tctodd6
data\high_quality\tctodd\tctodd6\hello-1.tsd,hello,1,61,22,float64,0,0,hello,hello,tctodd6
data\high_quality\tctodd\tctodd6\hello-2.tsd,hello,2,54,22,float64,0,0,hello,hello,tctodd6
data\high_quality\tctodd\tctodd6\hello-3.tsd,hello,3,52,22,float64,0,0,hello,hello,tctodd6
data\high_quality\tctodd\tctodd6\his_hers-1.tsd,his_hers,1,56,22,float64,0,0,his_hers,his_hers,tctodd6
data\high_quality\tctodd\tctodd6\his_hers-2.tsd,his_hers,2,56,22,float64,0,0,his_hers,his_hers,tctodd6
data\high_quality\tctodd\tctodd6\his_hers-3.tsd,his_hers,3,70,22,float64,0,0,his_hers,his_hers,tctodd6
data\high_quality\tctodd\tctodd6\hot-1.tsd,hot,1,54,22,float64,0,0,hot,hot,tctodd6
data\high_quality\tctodd\tctodd6\hot-2.tsd,hot,2,56,22,float64,0,0,hot,hot,tctodd6
data\high_quality\tctodd\tctodd6\hot-3.tsd,hot,3,55,22,float64,0,0,hot,hot,tctodd6
data\high_quality\tctodd\tctodd6\how-1.tsd,how,1,61,22,float64,0,0,how,how,tctodd6
data\high_quality\tctodd\tctodd6\how-2.tsd,how,2,52,22,float64,0,0,how,how,tctodd6
data\high_quality\tctodd\tctodd6\how-3.tsd,how,3,58,22,float64,0,0,how,how,tctodd6
data\high_quality\tctodd\tctodd6\hurry-1.tsd,hurry,1,55,22,float64,0,0,hurry,hurry,tctodd6
data\high_quality\tctodd\tctodd6\hurry-2.tsd,hurry,2,56,22,float64,0,0,hurry,hurry,tctodd6
data\high_quality\tctodd\tctodd6\hurry-3.tsd,hurry,3,57,22,float64,0,0,hurry,hurry,tctodd6
data\high_quality\tctodd\tctodd6\hurt-1.tsd,hurt,1,61,22,float64,0,0,hurt,hurt,tctodd6
data\high_quality\tctodd\tctodd6\hurt-2.tsd,hurt,2,64,22,float64,0,0,hurt,hurt,tctodd6
data\high_quality\tctodd\tctodd6\hurt-3.tsd,hurt,3,61,22,float64,0,0,hurt,hurt,tctodd6
data\high_quality\tctodd\tctodd6\I-1.tsd,I,1,55,22,float64,0,0,I,I,tctodd6
data\high_quality\tctodd\tctodd6\I-2.tsd,I,2,53,22,float64,0,0,I,I,tctodd6
data\high_quality\tctodd\tctodd6\I-3.tsd,I,3,57,22,float64,0,0,I,I,tctodd6
data\high_quality\tctodd\tctodd6\innocent-1.tsd,innocent,1,52,22,float64,0,0,innocent,innocent,tctodd6
data\high_quality\tctodd\tctodd6\innocent-2.tsd,innocent,2,87,22,float64,0,0,innocent,innocent,tctodd6
data\high_quality\tctodd\tctodd6\innocent-3.tsd,innocent,3,53,22,float64,0,0,innocent,innocent,tctodd6
data\high_quality\tctodd\tctodd6\is_true_-1.tsd,is_true_,1,62,22,float64,0,0,is_true_,is_true_,tctodd6
data\high_quality\tctodd\tctodd6\is_true_-2.tsd,is_true_,2,60,22,float64,0,0,is_true_,is_true_,tctodd6
data\high_quality\tctodd\tctodd6\is_true_-3.tsd,is_true_,3,60,22,float64,0,0,is_true_,is_true_,tctodd6
data\high_quality\tctodd\tctodd6\joke-1.tsd,joke,1,56,22,float64,0,0,joke,joke,tctodd6
data\high_quality\tctodd\tctodd6\joke-2.tsd,joke,2,65,22,float64,0,0,joke,joke,tctodd6
data\high_quality\tctodd\tctodd6\joke-3.tsd,joke,3,58,22,float64,0,0,joke,joke,tctodd6
data\high_quality\tctodd\tctodd6\juice-1.tsd,juice,1,66,22,float64,0,0,juice,juice,tctodd6
data\high_quality\tctodd\tctodd6\juice-2.tsd,juice,2,64,22,float64,0,0,juice,juice,tctodd6
data\high_quality\tctodd\tctodd6\juice-3.tsd,juice,3,64,22,float64,0,0,juice,juice,tctodd6
data\high_quality\tctodd\tctodd6\know-1.tsd,know,1,54,22,float64,0,0,know,know,tctodd6
data\high_quality\tctodd\tctodd6\know-2.tsd,know,2,58,22,float64,0,0,know,know,tctodd6
data\high_quality\tctodd\tctodd6\know-3.tsd,know,3,53,22,float64,0,0,know,know,tctodd6
data\high_quality\tctodd\tctodd6\later-1.tsd,later,1,51,22,float64,0,0,later,later,tctodd6
data\high_quality\tctodd\tctodd6\later-2.tsd,later,2,61,22,float64,0,0,later,later,tctodd6
data\high_quality\tctodd\tctodd6\later-3.tsd,later,3,62,22,float64,0,0,later,later,tctodd6
data\high_quality\tctodd\tctodd6\lose-1.tsd,lose,1,55,22,float64,0,0,lose,lose,tctodd6
data\high_quality\tctodd\tctodd6\lose-2.tsd,lose,2,58,22,float64,0,0,lose,lose,tctodd6
data\high_quality\tctodd\tctodd6\lose-3.tsd,lose,3,61,22,float64,0,0,lose,lose,tctodd6
data\high_quality\tctodd\tctodd6\love-1.tsd,love,1,56,22,float64,0,0,love,love,tctodd6
data\high_quality\tctodd\tctodd6\love-2.tsd,love,2,60,22,float64,0,0,love,love,tctodd6
data\high_quality\tctodd\tctodd6\love-3.tsd,love,3,61,22,float64,0,0,love,love,tctodd6
data\high_quality\tctodd\tctodd6\make-1.tsd,make,1,62,22,float64,0,0,make,make,tctodd6
data\high_quality\tctodd\tctodd6\make-2.tsd,make,2,67,22,float64,0,0,make,make,tctodd6
data\high_quality\tctodd\tctodd6\make-3.tsd,make,3,61,22,float64,0,0,make,make,tctodd6
data\high_quality\tctodd\tctodd6\man-1.tsd,man,1,55,22,float64,0,0,man,man,tctodd6
data\high_quality\tctodd\tctodd6\man-2.tsd,man,2,51,22,float64,0,0,man,man,tctodd6
data\high_quality\tctodd\tctodd6\man-3.tsd,man,3,65,22,float64,0,0,man,man,tctodd6
data\high_quality\tctodd\tctodd6\maybe-1.tsd,maybe,1,82,22,float64,0,0,maybe,maybe,tctodd6
data\high_quality\tctodd\tctodd6\maybe-2.tsd,maybe,2,57,22,float64,0,0,maybe,maybe,tctodd6
data\high_quality\tctodd\tctodd6\maybe-3.tsd,maybe,3,62,22,float64,0,0,maybe,maybe,tctodd6
data\high_quality\tctodd\tctodd6\mine-1.tsd,mine,1,49,22,float64,0,0,mine,mine,tctodd6
data\high_quality\tctodd\tctodd6\mine-2.tsd,mine,2,53,22,float64,0,0,mine,mine,tctodd6
data\high_quality\tctodd\tctodd6\mine-3.tsd,mine,3,56,22,float64,0,0,mine,mine,tctodd6
data\high_quality\tctodd\tctodd6\money-1.tsd,money,1,59,22,float64,0,0,money,money,tctodd6
data\high_quality\tctodd\tctodd6\money-2.tsd,money,2,69,22,float64,0,0,money,money,tctodd6
data\high_quality\tctodd\tctodd6\money-3.tsd,money,3,62,22,float64,0,0,money,money,tctodd6
data\high_quality\tctodd\tctodd6\more-1.tsd,more,1,51,22,float64,0,0,more,more,tctodd6
data\high_quality\tctodd\tctodd6\more-2.tsd,more,2,54,22,float64,0,0,more,more,tctodd6
data\high_quality\tctodd\tctodd6\more-3.tsd,more,3,60,22,float64,0,0,more,more,tctodd6
data\high_quality\tctodd\tctodd6\name-1.tsd,name,1,56,22,float64,0,0,name,name,tctodd6
data\high_quality\tctodd\tctodd6\name-2.tsd,name,2,58,22,float64,0,0,name,name,tctodd6
data\high_quality\tctodd\tctodd6\name-3.tsd,name,3,61,22,float64,0,0,name,name,tctodd6
data\high_quality\tctodd\tctodd6\no-1.tsd,no,1,52,22,float64,0,0,no,no,tctodd6
data\high_quality\tctodd\tctodd6\no-2.tsd,no,2,54,22,float64,0,0,no,no,tctodd6
data\high_quality\tctodd\tctodd6\no-3.tsd,no,3,56,22,float64,0,0,no,no,tctodd6
data\high_quality\tctodd\tctodd6\Norway-1.tsd,Norway,1,59,22,float64,0,0,Norway,Norway,tctodd6
data\high_quality\tctodd\tctodd6\Norway-2.tsd,Norway,2,68,22,float64,0,0,Norway,Norway,tctodd6
data\high_quality\tctodd\tctodd6\Norway-3.tsd,Norway,3,63,22,float64,0,0,Norway,Norway,tctodd6
data\high_quality\tctodd\tctodd6\not-my-problem-1.tsd,not-my-problem,1,54,22,float64,0,0,not-my-problem,not-my-problem,tctodd6
data\high_quality\tctodd\tctodd6\not-my-problem-2.tsd,not-my-problem,2,54,22,float64,0,0,not-my-problem,not-my-problem,tctodd6
data\high_quality\tctodd\tctodd6\not-my-problem-3.tsd,not-my-problem,3,81,22,float64,0,0,not-my-problem,not-my-problem,tctodd6
data\high_quality\tctodd\tctodd6\paper-1.tsd,paper,1,56,22,float64,0,0,paper,paper,tctodd6
data\high_quality\tctodd\tctodd6\paper-2.tsd,paper,2,58,22,float64,0,0,paper,paper,tctodd6
data\high_quality\tctodd\tctodd6\paper-3.tsd,paper,3,57,22,float64,0,0,paper,paper,tctodd6
data\high_quality\tctodd\tctodd6\pen-1.tsd,pen,1,57,22,float64,0,0,pen,pen,tctodd6
data\high_quality\tctodd\tctodd6\pen-2.tsd,pen,2,57,22,float64,0,0,pen,pen,tctodd6
data\high_quality\tctodd\tctodd6\pen-3.tsd,pen,3,92,22,float64,0,0,pen,pen,tctodd6
data\high_quality\tctodd\tctodd6\please-1.tsd,please,1,57,22,float64,0,0,please,please,tctodd6
data\high_quality\tctodd\tctodd6\please-2.tsd,please,2,56,22,float64,0,0,please,please,tctodd6
data\high_quality\tctodd\tctodd6\please-3.tsd,please,3,60,22,float64,0,0,please,please,tctodd6
data\high_quality\tctodd\tctodd6\polite-1.tsd,polite,1,62,22,float64,0,0,polite,polite,tctodd6
data\high_quality\tctodd\tctodd6\polite-2.tsd,polite,2,56,22,float64,0,0,polite,polite,tctodd6
data\high_quality\tctodd\tctodd6\polite-3.tsd,polite,3,61,22,float64,0,0,polite,polite,tctodd6
data\high_quality\tctodd\tctodd6\question-1.tsd,question,1,55,22,float64,0,0,question,question,tctodd6
data\high_quality\tctodd\tctodd6\question-2.tsd,question,2,61,22,float64,0,0,question,question,tctodd6
data\high_quality\tctodd\tctodd6\question-3.tsd,question,3,62,22,float64,0,0,question,question,tctodd6
data\high_quality\tctodd\tctodd6\read-1.tsd,read,1,62,22,float64,0,0,read,read,tctodd6
data\high_quality\tctodd\tctodd6\read-2.tsd,read,2,66,22,float64,0,0,read,read,tctodd6
data\high_quality\tctodd\tctodd6\read-3.tsd,read,3,76,22,float64,0,0,read,read,tctodd6
data\high_quality\tctodd\tctodd6\ready-1.tsd,ready,1,61,22,float64,0,0,ready,ready,tctodd6
data\high_quality\tctodd\tctodd6\ready-2.tsd,ready,2,60,22,float64,0,0,ready,ready,tctodd6
data\high_quality\tctodd\tctodd6\ready-3.tsd,ready,3,57,22,float64,0,0,ready,ready,tctodd6
data\high_quality\tctodd\tctodd6\research-1.tsd,research,1,60,22,float64,0,0,research,research,tctodd6
data\high_quality\tctodd\tctodd6\research-2.tsd,research,2,64,22,float64,0,0,research,research,tctodd6
data\high_quality\tctodd\tctodd6\research-3.tsd,research,3,70,22,float64,0,0,research,research,tctodd6
data\high_quality\tctodd\tctodd6\responsible-1.tsd,responsible,1,61,22,float64,0,0,responsible,responsible,tctodd6
data\high_quality\tctodd\tctodd6\responsible-2.tsd,responsible,2,61,22,float64,0,0,responsible,responsible,tctodd6
data\high_quality\tctodd\tctodd6\responsible-3.tsd,responsible,3,69,22,float64,0,0,responsible,responsible,tctodd6
data\high_quality\tctodd\tctodd6\right-1.tsd,right,1,49,22,float64,0,0,right,right,tctodd6
data\high_quality\tctodd\tctodd6\right-2.tsd,right,2,56,22,float64,0,0,right,right,tctodd6
data\high_quality\tctodd\tctodd6\right-3.tsd,right,3,55,22,float64,0,0,right,right,tctodd6
data\high_quality\tctodd\tctodd6\sad-1.tsd,sad,1,57,22,float64,0,0,sad,sad,tctodd6
data\high_quality\tctodd\tctodd6\sad-2.tsd,sad,2,68,22,float64,0,0,sad,sad,tctodd6
data\high_quality\tctodd\tctodd6\sad-3.tsd,sad,3,62,22,float64,0,0,sad,sad,tctodd6
data\high_quality\tctodd\tctodd6\same-1.tsd,same,1,56,22,float64,0,0,same,same,tctodd6
data\high_quality\tctodd\tctodd6\same-2.tsd,same,2,56,22,float64,0,0,same,same,tctodd6
data\high_quality\tctodd\tctodd6\same-3.tsd,same,3,55,22,float64,0,0,same,same,tctodd6
data\high_quality\tctodd\tctodd6\science-1.tsd,science,1,64,22,float64,0,0,science,science,tctodd6
data\high_quality\tctodd\tctodd6\science-2.tsd,science,2,66,22,float64,0,0,science,science,tctodd6
data\high_quality\tctodd\tctodd6\science-3.tsd,science,3,70,22,float64,0,0,science,science,tctodd6
data\high_quality\tctodd\tctodd6\share-1.tsd,share,1,65,22,float64,0,0,share,share,tctodd6
data\high_quality\tctodd\tctodd6\share-2.tsd,share,2,66,22,float64,0,0,share,share,tctodd6
data\high_quality\tctodd\tctodd6\share-3.tsd,share,3,67,22,float64,0,0,share,share,tctodd6
data\high_quality\tctodd\tctodd6\shop-1.tsd,shop,1,64,22,float64,0,0,shop,shop,tctodd6
data\high_quality\tctodd\tctodd6\shop-2.tsd,shop,2,56,22,float64,0,0,shop,shop,tctodd6
data\high_quality\tctodd\tctodd6\shop-3.tsd,shop,3,71,22,float64,0,0,shop,shop,tctodd6
data\high_quality\tctodd\tctodd6\soon-1.tsd,soon,1,57,22,float64,0,0,soon,soon,tctodd6
data\high_quality\tctodd\tctodd6\soon-2.tsd,soon,2,61,22,float64,0,0,soon,soon,tctodd6
data\high_quality\tctodd\tctodd6\soon-3.tsd,soon,3,66,22,float64,0,0,soon,soon,tctodd6
data\high_quality\tctodd\tctodd6\sorry-1.tsd,sorry,1,58,22,float64,0,0,sorry,sorry,tctodd6
data\high_quality\tctodd\tctodd6\sorry-2.tsd,sorry,2,57,22,float64,0,0,sorry,sorry,tctodd6
data\high_quality\tctodd\tctodd6\sorry-3.tsd,sorry,3,63,22,float64,0,0,sorry,sorry,tctodd6
data\high_quality\tctodd\tctodd6\spend-1.tsd,spend,1,60,22,float64,0,0,spend,spend,tctodd6
data\high_quality\tctodd\tctodd6\spend-2.tsd,spend,2,59,22,float64,0,0,spend,spend,tctodd6
data\high_quality\tctodd\tctodd6\spend-3.tsd,spend,3,58,22,float64,0,0,spend,spend,tctodd6
data\high_quality\tctodd\tctodd6\stubborn-1.tsd,stubborn,1,56,22,float64,0,0,stubborn,stubborn,tctodd6
data\high_quality\tctodd\tctodd6\stubborn-2.tsd,stubborn,2,53,22,float64,0,0,stubborn,stubborn,tctodd6
data\high_quality\tctodd\tctodd6\stubborn-3.tsd,stubborn,3,74,22,float64,0,0,stubborn,stubborn,tctodd6
data\high_quality\tctodd\tctodd6\surprise-1.tsd,surprise,1,56,22,float64,0,0,surprise,surprise,tctodd6
data\high_quality\tctodd\tctodd6\surprise-2.tsd,surprise,2,58,22,float64,0,0,surprise,surprise,tctodd6
data\high_quality\tctodd\tctodd6\surprise-3.tsd,surprise,3,93,22,float64,0,0,surprise,surprise,tctodd6
data\high_quality\tctodd\tctodd6\take-1.tsd,take,1,57,22,float64,0,0,take,take,tctodd6
data\high_quality\tctodd\tctodd6\take-2.tsd,take,2,58,22,float64,0,0,take,take,tctodd6
data\high_quality\tctodd\tctodd6\take-3.tsd,take,3,57,22,float64,0,0,take,take,tctodd6
data\high_quality\tctodd\tctodd6\temper-1.tsd,temper,1,58,22,float64,0,0,temper,temper,tctodd6
data\high_quality\tctodd\tctodd6\temper-2.tsd,temper,2,58,22,float64,0,0,temper,temper,tctodd6
data\high_quality\tctodd\tctodd6\temper-3.tsd,temper,3,65,22,float64,0,0,temper,temper,tctodd6
data\high_quality\tctodd\tctodd6\thank-1.tsd,thank,1,57,22,float64,0,0,thank,thank,tctodd6
data\high_quality\tctodd\tctodd6\thank-2.tsd,thank,2,56,22,float64,0,0,thank,thank,tctodd6
data\high_quality\tctodd\tctodd6\thank-3.tsd,thank,3,54,22,float64,0,0,thank,thank,tctodd6
data\high_quality\tctodd\tctodd6\think-1.tsd,think,1,55,22,float64,0,0,think,think,tctodd6
data\high_quality\tctodd\tctodd6\think-2.tsd,think,2,58,22,float64,0,0,think,think,tctodd6
data\high_quality\tctodd\tctodd6\think-3.tsd,think,3,56,22,float64,0,0,think,think,tctodd6
data\high_quality\tctodd\tctodd6\tray-1.tsd,tray,1,74,22,float64,0,0,tray,tray,tctodd6
data\high_quality\tctodd\tctodd6\tray-2.tsd,tray,2,65,22,float64,0,0,tray,tray,tctodd6
data\high_quality\tctodd\tctodd6\tray-3.tsd,tray,3,62,22,float64,0,0,tray,tray,tctodd6
data\high_quality\tctodd\tctodd6\us-1.tsd,us,1,55,22,float64,0,0,us,us,tctodd6
data\high_quality\tctodd\tctodd6\us-2.tsd,us,2,57,22,float64,0,0,us,us,tctodd6
data\high_quality\tctodd\tctodd6\us-3.tsd,us,3,57,22,float64,0,0,us,us,tctodd6
data\high_quality\tctodd\tctodd6\voluntary-1.tsd,voluntary,1,62,22,float64,0,0,voluntary,voluntary,tctodd6
data\high_quality\tctodd\tctodd6\voluntary-2.tsd,voluntary,2,64,22,float64,0,0,voluntary,voluntary,tctodd6
data\high_quality\tctodd\tctodd6\voluntary-3.tsd,voluntary,3,61,22,float64,0,0,voluntary,voluntary,tctodd6
data\high_quality\tctodd\tctodd6\wait_notyet_-1.tsd,wait_notyet_,1,63,22,float64,0,0,wait_notyet_,wait_notyet_,tctodd6
data\high_quality\tctodd\tctodd6\wait_notyet_-2.tsd,wait_notyet_,2,61,22,float64,0,0,wait_notyet_,wait_notyet_,tctodd6
data\high_quality\tctodd\tctodd6\wait_notyet_-3.tsd,wait_notyet_,3,62,22,float64,0,0,wait_notyet_,wait_notyet_,tctodd6
data\high_quality\tctodd\tctodd6\what-1.tsd,what,1,57,22,float64,0,0,what,what,tctodd6
data\high_quality\tctodd\tctodd6\what-2.tsd,what,2,56,22,float64,0,0,what,what,tctodd6
data\high_quality\tctodd\tctodd6\what-3.tsd,what,3,60,22,float64,0,0,what,what,tctodd6
data\high_quality\tctodd\tctodd6\when-1.tsd,when,1,61,22,float64,0,0,when,when,tctodd6
data\high_quality\tctodd\tctodd6\when-2.tsd,when,2,73,22,float64,0,0,when,when,tctodd6
data\high_quality\tctodd\tctodd6\when-3.tsd,when,3,60,22,float64,0,0,when,when,tctodd6
data\high_quality\tctodd\tctodd6\where-1.tsd,where,1,63,22,float64,0,0,where,where,tctodd6
data\high_quality\tctodd\tctodd6\where-2.tsd,where,2,69,22,float64,0,0,where,where,tctodd6
data\high_quality\tctodd\tctodd6\where-3.tsd,where,3,61,22,float64,0,0,where,where,tctodd6
data\high_quality\tctodd\tctodd6\which-1.tsd,which,1,60,22,float64,0,0,which,which,tctodd6
data\high_quality\tctodd\tctodd6\which-2.tsd,which,2,60,22,float64,0,0,which,which,tctodd6
data\high_quality\tctodd\tctodd6\which-3.tsd,which,3,59,22,float64,0,0,which,which,tctodd6
data\high_quality\tctodd\tctodd6\who-1.tsd,who,1,59,22,float64,0,0,who,who,tctodd6
data\high_quality\tctodd\tctodd6\who-2.tsd,who,2,66,22,float64,0,0,who,who,tctodd6
data\high_quality\tctodd\tctodd6\who-3.tsd,who,3,55,22,float64,0,0,who,who,tctodd6
data\high_quality\tctodd\tctodd6\why-1.tsd,why,1,56,22,float64,0,0,why,why,tctodd6
data\high_quality\tctodd\tctodd6\why-2.tsd,why,2,59,22,float64,0,0,why,why,tctodd6
data\high_quality\tctodd\tctodd6\why-3.tsd,why,3,63,22,float64,0,0,why,why,tctodd6
data\high_quality\tctodd\tctodd6\wild-1.tsd,wild,1,64,22,float64,0,0,wild,wild,tctodd6
data\high_quality\tctodd\tctodd6\wild-2.tsd,wild,2,62,22,float64,0,0,wild,wild,tctodd6
data\high_quality\tctodd\tctodd6\wild-3.tsd,wild,3,70,22,float64,0,0,wild,wild,tctodd6
data\high_quality\tctodd\tctodd6\will-1.tsd,will,1,54,22,float64,0,0,will,will,tctodd6
data\high_quality\tctodd\tctodd6\will-2.tsd,will,2,54,22,float64,0,0,will,will,tctodd6
data\high_quality\tctodd\tctodd6\will-3.tsd,will,3,54,22,float64,0,0,will,will,tctodd6
data\high_quality\tctodd\tctodd6\write-1.tsd,write,1,65,22,float64,0,0,write,write,tctodd6
data\high_quality\tctodd\tctodd6\write-2.tsd,write,2,66,22,float64,0,0,write,write,tctodd6
data\high_quality\tctodd\tctodd6\write-3.tsd,write,3,70,22,float64,0,0,write,write,tctodd6
data\high_quality\tctodd\tctodd6\wrong-1.tsd,wrong,1,54,22,float64,0,0,wrong,wrong,tctodd6
data\high_quality\tctodd\tctodd6\wrong-2.tsd,wrong,2,57,22,float64,0,0,wrong,wrong,tctodd6
data\high_quality\tctodd\tctodd6\wrong-3.tsd,wrong,3,51,22,float64,0,0,wrong,wrong,tctodd6
data\high_quality\tctodd\tctodd6\yes-1.tsd,yes,1,61,22,float64,0,0,yes,yes,tctodd6
data\high_quality\tctodd\tctodd6\yes-2.tsd,yes,2,63,22,float64,0,0,yes,yes,tctodd6
data\high_quality\tctodd\tctodd6\yes-3.tsd,yes,3,54,22,float64,0,0,yes,yes,tctodd6
data\high_quality\tctodd\tctodd6\you-1.tsd,you,1,54,22,float64,0,0,you,you,tctodd6
data\high_quality\tctodd\tctodd6\you-2.tsd,you,2,51,22,float64,0,0,you,you,tctodd6
data\high_quality\tctodd\tctodd6\you-3.tsd,you,3,55,22,float64,0,0,you,you,tctodd6
data\high_quality\tctodd\tctodd6\zero-1.tsd,zero,1,51,22,float64,0,0,zero,zero,tctodd6
data\high_quality\tctodd\tctodd6\zero-2.tsd,zero,2,54,22,float64,0,0,zero,zero,tctodd6
data\high_quality\tctodd\tctodd6\zero-3.tsd,zero,3,52,22,float64,0,0,zero,zero,tctodd6
data\high_quality\tctodd\tctodd7\alive-1.tsd,alive,1,56,22,float64,0,0,alive,alive,tctodd7
data\high_quality\tctodd\tctodd7\alive-2.tsd,alive,2,59,22,float64,0,0,alive,alive,tctodd7
data\high_quality\tctodd\tctodd7\alive-3.tsd,alive,3,59,22,float64,0,0,alive,alive,tctodd7
data\high_quality\tctodd\tctodd7\all-1.tsd,all,1,58,22,float64,0,0,all,all,tctodd7
data\high_quality\tctodd\tctodd7\all-2.tsd,all,2,59,22,float64,0,0,all,all,tctodd7
data\high_quality\tctodd\tctodd7\all-3.tsd,all,3,59,22,float64,0,0,all,all,tctodd7
data\high_quality\tctodd\tctodd7\answer-1.tsd,answer,1,60,22,float64,0,0,answer,answer,tctodd7
data\high_quality\tctodd\tctodd7\answer-2.tsd,answer,2,58,22,float64,0,0,answer,answer,tctodd7
data\high_quality\tctodd\tctodd7\answer-3.tsd,answer,3,58,22,float64,0,0,answer,answer,tctodd7
data\high_quality\tctodd\tctodd7\boy-1.tsd,boy,1,54,22,float64,0,0,boy,boy,tctodd7
data\high_quality\tctodd\tctodd7\boy-2.tsd,boy,2,58,22,float64,0,0,boy,boy,tctodd7
data\high_quality\tctodd\tctodd7\boy-3.tsd,boy,3,56,22,float64,0,0,boy,boy,tctodd7
data\high_quality\tctodd\tctodd7\building-1.tsd,building,1,82,22,float64,0,0,building,building,tctodd7
data\high_quality\tctodd\tctodd7\building-2.tsd,building,2,68,22,float64,0,0,building,building,tctodd7
data\high_quality\tctodd\tctodd7\building-3.tsd,building,3,71,22,float64,0,0,building,building,tctodd7
data\high_quality\tctodd\tctodd7\buy-1.tsd,buy,1,54,22,float64,0,0,buy,buy,tctodd7
data\high_quality\tctodd\tctodd7\buy-2.tsd,buy,2,58,22,float64,0,0,buy,buy,tctodd7
data\high_quality\tctodd\tctodd7\buy-3.tsd,buy,3,62,22,float64,0,0,buy,buy,tctodd7
data\high_quality\tctodd\tctodd7\change_mind_-1.tsd,change_mind_,1,62,22,float64,0,0,change_mind_,change_mind_,tctodd7
data\high_quality\tctodd\tctodd7\change_mind_-2.tsd,change_mind_,2,84,22,float64,0,0,change_mind_,change_mind_,tctodd7
data\high_quality\tctodd\tctodd7\change_mind_-3.tsd,change_mind_,3,58,22,float64,0,0,change_mind_,change_mind_,tctodd7
data\high_quality\tctodd\tctodd7\cold-1.tsd,cold,1,54,22,float64,0,0,cold,cold,tctodd7
data\high_quality\tctodd\tctodd7\cold-2.tsd,cold,2,80,22,float64,0,0,cold,cold,tctodd7
data\high_quality\tctodd\tctodd7\cold-3.tsd,cold,3,60,22,float64,0,0,cold,cold,tctodd7
data\high_quality\tctodd\tctodd7\come-1.tsd,come,1,54,22,float64,0,0,come,come,tctodd7
data\high_quality\tctodd\tctodd7\come-2.tsd,come,2,51,22,float64,0,0,come,come,tctodd7
data\high_quality\tctodd\tctodd7\come-3.tsd,come,3,57,22,float64,0,0,come,come,tctodd7
data\high_quality\tctodd\tctodd7\computer_PC_-1.tsd,computer_PC_,1,71,22,float64,0,0,computer_PC_,computer_PC_,tctodd7
data\high_quality\tctodd\tctodd7\computer_PC_-2.tsd,computer_PC_,2,62,22,float64,0,0,computer_PC_,computer_PC_,tctodd7
data\high_quality\tctodd\tctodd7\computer_PC_-3.tsd,computer_PC_,3,62,22,float64,0,0,computer_PC_,computer_PC_,tctodd7
data\high_quality\tctodd\tctodd7\cost-1.tsd,cost,1,55,22,float64,0,0,cost,cost,tctodd7
data\high_quality\tctodd\tctodd7\cost-2.tsd,cost,2,56,22,float64,0,0,cost,cost,tctodd7
data\high_quality\tctodd\tctodd7\cost-3.tsd,cost,3,58,22,float64,0,0,cost,cost,tctodd7
data\high_quality\tctodd\tctodd7\crazy-1.tsd,crazy,1,60,22,float64,0,0,crazy,crazy,tctodd7
data\high_quality\tctodd\tctodd7\crazy-2.tsd,crazy,2,65,22,float64,0,0,crazy,crazy,tctodd7
data\high_quality\tctodd\tctodd7\crazy-3.tsd,crazy,3,61,22,float64,0,0,crazy,crazy,tctodd7
data\high_quality\tctodd\tctodd7\danger-1.tsd,danger,1,55,22,float64,0,0,danger,danger,tctodd7
data\high_quality\tctodd\tctodd7\danger-2.tsd,danger,2,59,22,float64,0,0,danger,danger,tctodd7
data\high_quality\tctodd\tctodd7\danger-3.tsd,danger,3,58,22,float64,0,0,danger,danger,tctodd7
data\high_quality\tctodd\tctodd7\deaf-1.tsd,deaf,1,54,22,float64,0,0,deaf,deaf,tctodd7
data\high_quality\tctodd\tctodd7\deaf-2.tsd,deaf,2,63,22,float64,0,0,deaf,deaf,tctodd7
data\high_quality\tctodd\tctodd7\deaf-3.tsd,deaf,3,56,22,float64,0,0,deaf,deaf,tctodd7
data\high_quality\tctodd\tctodd7\different-1.tsd,different,1,52,22,float64,0,0,different,different,tctodd7
data\high_quality\tctodd\tctodd7\different-2.tsd,different,2,56,22,float64,0,0,different,different,tctodd7
data\high_quality\tctodd\tctodd7\different-3.tsd,different,3,63,22,float64,0,0,different,different,tctodd7
data\high_quality\tctodd\tctodd7\draw-1.tsd,draw,1,55,22,float64,0,0,draw,draw,tctodd7
data\high_quality\tctodd\tctodd7\draw-2.tsd,draw,2,85,22,float64,0,0,draw,draw,tctodd7
data\high_quality\tctodd\tctodd7\draw-3.tsd,draw,3,61,22,float64,0,0,draw,draw,tctodd7
data\high_quality\tctodd\tctodd7\drink-1.tsd,drink,1,54,22,float64,0,0,drink,drink,tctodd7
data\high_quality\tctodd\tctodd7\drink-2.tsd,drink,2,54,22,float64,0,0,drink,drink,tctodd7
data\high_quality\tctodd\tctodd7\drink-3.tsd,drink,3,57,22,float64,0,0,drink,drink,tctodd7
data\high_quality\tctodd\tctodd7\eat-1.tsd,eat,1,53,22,float64,0,0,eat,eat,tctodd7
data\high_quality\tctodd\tctodd7\eat-2.tsd,eat,2,59,22,float64,0,0,eat,eat,tctodd7
data\high_quality\tctodd\tctodd7\eat-3.tsd,eat,3,55,22,float64,0,0,eat,eat,tctodd7
data\high_quality\tctodd\tctodd7\exit-1.tsd,exit,1,58,22,float64,0,0,exit,exit,tctodd7
data\high_quality\tctodd\tctodd7\exit-2.tsd,exit,2,56,22,float64,0,0,exit,exit,tctodd7
data\high_quality\tctodd\tctodd7\exit-3.tsd,exit,3,59,22,float64,0,0,exit,exit,tctodd7
data\high_quality\tctodd\tctodd7\flash-light-1.tsd,flash-light,1,59,22,float64,0,0,flash-light,flash-light,tctodd7
data\high_quality\tctodd\tctodd7\flash-light-2.tsd,flash-light,2,61,22,float64,0,0,flash-light,flash-light,tctodd7
data\high_quality\tctodd\tctodd7\flash-light-3.tsd,flash-light,3,63,22,float64,0,0,flash-light,flash-light,tctodd7
data\high_quality\tctodd\tctodd7\forget-1.tsd,forget,1,55,22,float64,0,0,forget,forget,tctodd7
data\high_quality\tctodd\tctodd7\forget-2.tsd,forget,2,60,22,float64,0,0,forget,forget,tctodd7
data\high_quality\tctodd\tctodd7\forget-3.tsd,forget,3,55,22,float64,0,0,forget,forget,tctodd7
data\high_quality\tctodd\tctodd7\girl-1.tsd,girl,1,54,22,float64,0,0,girl,girl,tctodd7
data\high_quality\tctodd\tctodd7\girl-2.tsd,girl,2,57,22,float64,0,0,girl,girl,tctodd7
data\high_quality\tctodd\tctodd7\girl-3.tsd,girl,3,89,22,float64,0,0,girl,girl,tctodd7
data\high_quality\tctodd\tctodd7\give-1.tsd,give,1,65,22,float64,0,0,give,give,tctodd7
data\high_quality\tctodd\tctodd7\give-2.tsd,give,2,70,22,float64,0,0,give,give,tctodd7
data\high_quality\tctodd\tctodd7\give-3.tsd,give,3,60,22,float64,0,0,give,give,tctodd7
data\high_quality\tctodd\tctodd7\glove-1.tsd,glove,1,70,22,float64,0,0,glove,glove,tctodd7
data\high_quality\tctodd\tctodd7\glove-2.tsd,glove,2,57,22,float64,0,0,glove,glove,tctodd7
data\high_quality\tctodd\tctodd7\glove-3.tsd,glove,3,89,22,float64,0,0,glove,glove,tctodd7
data\high_quality\tctodd\tctodd7\go-1.tsd,go,1,65,22,float64,0,0,go,go,tctodd7
data\high_quality\tctodd\tctodd7\go-2.tsd,go,2,63,22,float64,0,0,go,go,tctodd7
data\high_quality\tctodd\tctodd7\go-3.tsd,go,3,57,22,float64,0,0,go,go,tctodd7
data\high_quality\tctodd\tctodd7\God-1.tsd,God,1,58,22,float64,0,0,God,God,tctodd7
data\high_quality\tctodd\tctodd7\God-2.tsd,God,2,87,22,float64,0,0,God,God,tctodd7
data\high_quality\tctodd\tctodd7\God-3.tsd,God,3,67,22,float64,0,0,God,God,tctodd7
data\high_quality\tctodd\tctodd7\happy-1.tsd,happy,1,61,22,float64,0,0,happy,happy,tctodd7
data\high_quality\tctodd\tctodd7\happy-2.tsd,happy,2,57,22,float64,0,0,happy,happy,tctodd7
data\high_quality\tctodd\tctodd7\happy-3.tsd,happy,3,57,22,float64,0,0,happy,happy,tctodd7
data\high_quality\tctodd\tctodd7\head-1.tsd,head,1,58,22,float64,0,0,head,head,tctodd7
data\high_quality\tctodd\tctodd7\head-2.tsd,head,2,57,22,float64,0,0,head,head,tctodd7
data\high_quality\tctodd\tctodd7\head-3.tsd,head,3,58,22,float64,0,0,head,head,tctodd7
data\high_quality\tctodd\tctodd7\hear-1.tsd,hear,1,56,22,float64,0,0,hear,hear,tctodd7
data\high_quality\tctodd\tctodd7\hear-2.tsd,hear,2,60,22,float64,0,0,hear,hear,tctodd7
data\high_quality\tctodd\tctodd7\hear-3.tsd,hear,3,55,22,float64,0,0,hear,hear,tctodd7
data\high_quality\tctodd\tctodd7\hello-1.tsd,hello,1,50,22,float64,0,0,hello,hello,tctodd7
data\high_quality\tctodd\tctodd7\hello-2.tsd,hello,2,53,22,float64,0,0,hello,hello,tctodd7
data\high_quality\tctodd\tctodd7\hello-3.tsd,hello,3,51,22,float64,0,0,hello,hello,tctodd7
data\high_quality\tctodd\tctodd7\his_hers-1.tsd,his_hers,1,58,22,float64,0,0,his_hers,his_hers,tctodd7
data\high_quality\tctodd\tctodd7\his_hers-2.tsd,his_hers,2,58,22,float64,0,0,his_hers,his_hers,tctodd7
data\high_quality\tctodd\tctodd7\his_hers-3.tsd,his_hers,3,60,22,float64,0,0,his_hers,his_hers,tctodd7
data\high_quality\tctodd\tctodd7\hot-1.tsd,hot,1,55,22,float64,0,0,hot,hot,tctodd7
data\high_quality\tctodd\tctodd7\hot-2.tsd,hot,2,56,22,float64,0,0,hot,hot,tctodd7
data\high_quality\tctodd\tctodd7\hot-3.tsd,hot,3,59,22,float64,0,0,hot,hot,tctodd7
data\high_quality\tctodd\tctodd7\how-1.tsd,how,1,55,22,float64,0,0,how,how,tctodd7
data\high_quality\tctodd\tctodd7\how-2.tsd,how,2,58,22,float64,0,0,how,how,tctodd7
data\high_quality\tctodd\tctodd7\how-3.tsd,how,3,69,22,float64,0,0,how,how,tctodd7
data\high_quality\tctodd\tctodd7\hurry-1.tsd,hurry,1,54,22,float64,0,0,hurry,hurry,tctodd7
data\high_quality\tctodd\tctodd7\hurry-2.tsd,hurry,2,55,22,float64,0,0,hurry,hurry,tctodd7
data\high_quality\tctodd\tctodd7\hurry-3.tsd,hurry,3,136,22,float64,0,0,hurry,hurry,tctodd7
data\high_quality\tctodd\tctodd7\hurt-1.tsd,hurt,1,57,22,float64,0,0,hurt,hurt,tctodd7
data\high_quality\tctodd\tctodd7\hurt-2.tsd,hurt,2,62,22,float64,0,0,hurt,hurt,tctodd7
data\high_quality\tctodd\tctodd7\hurt-3.tsd,hurt,3,61,22,float64,0,0,hurt,hurt,tctodd7
data\high_quality\tctodd\tctodd7\I-1.tsd,I,1,55,22,float64,0,0,I,I,tctodd7
data\high_quality\tctodd\tctodd7\I-2.tsd,I,2,56,22,float64,0,0,I,I,tctodd7
data\high_quality\tctodd\tctodd7\I-3.tsd,I,3,53,22,float64,0,0,I,I,tctodd7
data\high_quality\tctodd\tctodd7\innocent-1.tsd,innocent,1,63,22,float64,0,0,innocent,innocent,tctodd7
data\high_quality\tctodd\tctodd7\innocent-2.tsd,innocent,2,61,22,float64,0,0,innocent,innocent,tctodd7
data\high_quality\tctodd\tctodd7\innocent-3.tsd,innocent,3,60,22,float64,0,0,innocent,innocent,tctodd7
data\high_quality\tctodd\tctodd7\is_true_-1.tsd,is_true_,1,54,22,float64,0,0,is_true_,is_true_,tctodd7
data\high_quality\tctodd\tctodd7\is_true_-2.tsd,is_true_,2,79,22,float64,0,0,is_true_,is_true_,tctodd7
data\high_quality\tctodd\tctodd7\is_true_-3.tsd,is_true_,3,55,22,float64,0,0,is_true_,is_true_,tctodd7
data\high_quality\tctodd\tctodd7\joke-1.tsd,joke,1,62,22,float64,0,0,joke,joke,tctodd7
data\high_quality\tctodd\tctodd7\joke-2.tsd,joke,2,61,22,float64,0,0,joke,joke,tctodd7
data\high_quality\tctodd\tctodd7\joke-3.tsd,joke,3,62,22,float64,0,0,joke,joke,tctodd7
data\high_quality\tctodd\tctodd7\juice-1.tsd,juice,1,61,22,float64,0,0,juice,juice,tctodd7
data\high_quality\tctodd\tctodd7\juice-2.tsd,juice,2,61,22,float64,0,0,juice,juice,tctodd7
data\high_quality\tctodd\tctodd7\juice-3.tsd,juice,3,61,22,float64,0,0,juice,juice,tctodd7
data\high_quality\tctodd\tctodd7\know-1.tsd,know,1,52,22,float64,0,0,know,know,tctodd7
data\high_quality\tctodd\tctodd7\know-2.tsd,know,2,58,22,float64,0,0,know,know,tctodd7
data\high_quality\tctodd\tctodd7\know-3.tsd,know,3,59,22,float64,0,0,know,know,tctodd7
data\high_quality\tctodd\tctodd7\later-1.tsd,later,1,79,22,float64,0,0,later,later,tctodd7
data\high_quality\tctodd\tctodd7\later-2.tsd,later,2,57,22,float64,0,0,later,later,tctodd7
data\high_quality\tctodd\tctodd7\later-3.tsd,later,3,81,22,float64,0,0,later,later,tctodd7
data\high_quality\tctodd\tctodd7\lose-1.tsd,lose,1,55,22,float64,0,0,lose,lose,tctodd7
data\high_quality\tctodd\tctodd7\lose-2.tsd,lose,2,53,22,float64,0,0,lose,lose,tctodd7
data\high_quality\tctodd\tctodd7\lose-3.tsd,lose,3,56,22,float64,0,0,lose,lose,tctodd7
data\high_quality\tctodd\tctodd7\love-1.tsd,love,1,59,22,float64,0,0,love,love,tctodd7
data\high_quality\tctodd\tctodd7\love-2.tsd,love,2,55,22,float64,0,0,love,love,tctodd7
data\high_quality\tctodd\tctodd7\love-3.tsd,love,3,77,22,float64,0,0,love,love,tctodd7
data\high_quality\tctodd\tctodd7\make-1.tsd,make,1,57,22,float64,0,0,make,make,tctodd7
data\high_quality\tctodd\tctodd7\make-2.tsd,make,2,61,22,float64,0,0,make,make,tctodd7
data\high_quality\tctodd\tctodd7\make-3.tsd,make,3,65,22,float64,0,0,make,make,tctodd7
data\high_quality\tctodd\tctodd7\man-1.tsd,man,1,52,22,float64,0,0,man,man,tctodd7
data\high_quality\tctodd\tctodd7\man-2.tsd,man,2,66,22,float64,0,0,man,man,tctodd7
data\high_quality\tctodd\tctodd7\man-3.tsd,man,3,56,22,float64,0,0,man,man,tctodd7
data\high_quality\tctodd\tctodd7\maybe-1.tsd,maybe,1,53,22,float64,0,0,maybe,maybe,tctodd7
data\high_quality\tctodd\tctodd7\maybe-2.tsd,maybe,2,58,22,float64,0,0,maybe,maybe,tctodd7
data\high_quality\tctodd\tctodd7\maybe-3.tsd,maybe,3,58,22,float64,0,0,maybe,maybe,tctodd7
data\high_quality\tctodd\tctodd7\mine-1.tsd,mine,1,53,22,float64,0,0,mine,mine,tctodd7
data\high_quality\tctodd\tctodd7\mine-2.tsd,mine,2,55,22,float64,0,0,mine,mine,tctodd7
data\high_quality\tctodd\tctodd7\mine-3.tsd,mine,3,53,22,float64,0,0,mine,mine,tctodd7
data\high_quality\tctodd\tctodd7\money-1.tsd,money,1,63,22,float64,0,0,money,money,tctodd7
data\high_quality\tctodd\tctodd7\money-2.tsd,money,2,57,22,float64,0,0,money,money,tctodd7
data\high_quality\tctodd\tctodd7\money-3.tsd,money,3,58,22,float64,0,0,money,money,tctodd7
data\high_quality\tctodd\tctodd7\more-1.tsd,more,1,56,22,float64,0,0,more,more,tctodd7
data\high_quality\tctodd\tctodd7\more-2.tsd,more,2,53,22,float64,0,0,more,more,tctodd7
data\high_quality\tctodd\tctodd7\more-3.tsd,more,3,53,22,float64,0,0,more,more,tctodd7
data\high_quality\tctodd\tctodd7\name-1.tsd,name,1,57,22,float64,0,0,name,name,tctodd7
data\high_quality\tctodd\tctodd7\name-2.tsd,name,2,56,22,float64,0,0,name,name,tctodd7
data\high_quality\tctodd\tctodd7\name-3.tsd,name,3,54,22,float64,0,0,name,name,tctodd7
data\high_quality\tctodd\tctodd7\no-1.tsd,no,1,53,22,float64,0,0,no,no,tctodd7
data\high_quality\tctodd\tctodd7\no-2.tsd,no,2,55,22,float64,0,0,no,no,tctodd7
data\high_quality\tctodd\tctodd7\no-3.tsd,no,3,52,22,float64,0,0,no,no,tctodd7
data\high_quality\tctodd\tctodd7\Norway-1.tsd,Norway,1,57,22,float64,0,0,Norway,Norway,tctodd7
data\high_quality\tctodd\tctodd7\Norway-2.tsd,Norway,2,58,22,float64,0,0,Norway,Norway,tctodd7
data\high_quality\tctodd\tctodd7\Norway-3.tsd,Norway,3,62,22,float64,0,0,Norway,Norway,tctodd7
data\high_quality\tctodd\tctodd7\not-my-problem-1.tsd,not-my-problem,1,58,22,float64,0,0,not-my-problem,not-my-problem,tctodd7
data\high_quality\tctodd\tctodd7\not-my-problem-2.tsd,not-my-problem,2,54,22,float64,0,0,not-my-problem,not-my-problem,tctodd7
data\high_quality\tctodd\tctodd7\not-my-problem-3.tsd,not-my-problem,3,61,22,float64,0,0,not-my-problem,not-my-problem,tctodd7
data\high_quality\tctodd\tctodd7\paper-1.tsd,paper,1,60,22,float64,0,0,paper,paper,tctodd7
data\high_quality\tctodd\tctodd7\paper-2.tsd,paper,2,62,22,float64,0,0,paper,paper,tctodd7
data\high_quality\tctodd\tctodd7\paper-3.tsd,paper,3,58,22,float64,0,0,paper,paper,tctodd7
data\high_quality\tctodd\tctodd7\pen-1.tsd,pen,1,54,22,float64,0,0,pen,pen,tctodd7
data\high_quality\tctodd\tctodd7\pen-2.tsd,pen,2,58,22,float64,0,0,pen,pen,tctodd7
data\high_quality\tctodd\tctodd7\pen-3.tsd,pen,3,57,22,float64,0,0,pen,pen,tctodd7
data\high_quality\tctodd\tctodd7\please-1.tsd,please,1,60,22,float64,0,0,please,please,tctodd7
data\high_quality\tctodd\tctodd7\please-2.tsd,please,2,55,22,float64,0,0,please,please,tctodd7
data\high_quality\tctodd\tctodd7\please-3.tsd,please,3,56,22,float64,0,0,please,please,tctodd7
data\high_quality\tctodd\tctodd7\polite-1.tsd,polite,1,55,22,float64,0,0,polite,polite,tctodd7
data\high_quality\tctodd\tctodd7\polite-2.tsd,polite,2,62,22,float64,0,0,polite,polite,tctodd7
data\high_quality\tctodd\tctodd7\polite-3.tsd,polite,3,57,22,float64,0,0,polite,polite,tctodd7
data\high_quality\tctodd\tctodd7\question-1.tsd,question,1,59,22,float64,0,0,question,question,tctodd7
data\high_quality\tctodd\tctodd7\question-2.tsd,question,2,60,22,float64,0,0,question,question,tctodd7
data\high_quality\tctodd\tctodd7\question-3.tsd,question,3,52,22,float64,0,0,question,question,tctodd7
data\high_quality\tctodd\tctodd7\read-1.tsd,read,1,61,22,float64,0,0,read,read,tctodd7
data\high_quality\tctodd\tctodd7\read-2.tsd,read,2,61,22,float64,0,0,read,read,tctodd7
data\high_quality\tctodd\tctodd7\read-3.tsd,read,3,67,22,float64,0,0,read,read,tctodd7
data\high_quality\tctodd\tctodd7\ready-1.tsd,ready,1,55,22,float64,0,0,ready,ready,tctodd7
data\high_quality\tctodd\tctodd7\ready-2.tsd,ready,2,63,22,float64,0,0,ready,ready,tctodd7
data\high_quality\tctodd\tctodd7\ready-3.tsd,ready,3,58,22,float64,0,0,ready,ready,tctodd7
data\high_quality\tctodd\tctodd7\research-1.tsd,research,1,63,22,float64,0,0,research,research,tctodd7
data\high_quality\tctodd\tctodd7\research-2.tsd,research,2,67,22,float64,0,0,research,research,tctodd7
data\high_quality\tctodd\tctodd7\research-3.tsd,research,3,63,22,float64,0,0,research,research,tctodd7
data\high_quality\tctodd\tctodd7\responsible-1.tsd,responsible,1,76,22,float64,0,0,responsible,responsible,tctodd7
data\high_quality\tctodd\tctodd7\responsible-2.tsd,responsible,2,77,22,float64,0,0,responsible,responsible,tctodd7
data\high_quality\tctodd\tctodd7\responsible-3.tsd,responsible,3,80,22,float64,0,0,responsible,responsible,tctodd7
data\high_quality\tctodd\tctodd7\right-1.tsd,right,1,53,22,float64,0,0,right,right,tctodd7
data\high_quality\tctodd\tctodd7\right-2.tsd,right,2,54,22,float64,0,0,right,right,tctodd7
data\high_quality\tctodd\tctodd7\right-3.tsd,right,3,61,22,float64,0,0,right,right,tctodd7
data\high_quality\tctodd\tctodd7\sad-1.tsd,sad,1,62,22,float64,0,0,sad,sad,tctodd7
data\high_quality\tctodd\tctodd7\sad-2.tsd,sad,2,58,22,float64,0,0,sad,sad,tctodd7
data\high_quality\tctodd\tctodd7\sad-3.tsd,sad,3,55,22,float64,0,0,sad,sad,tctodd7
data\high_quality\tctodd\tctodd7\same-1.tsd,same,1,55,22,float64,0,0,same,same,tctodd7
data\high_quality\tctodd\tctodd7\same-2.tsd,same,2,60,22,float64,0,0,same,same,tctodd7
data\high_quality\tctodd\tctodd7\same-3.tsd,same,3,79,22,float64,0,0,same,same,tctodd7
data\high_quality\tctodd\tctodd7\science-1.tsd,science,1,65,22,float64,0,0,science,science,tctodd7
data\high_quality\tctodd\tctodd7\science-2.tsd,science,2,70,22,float64,0,0,science,science,tctodd7
data\high_quality\tctodd\tctodd7\science-3.tsd,science,3,62,22,float64,0,0,science,science,tctodd7
data\high_quality\tctodd\tctodd7\share-1.tsd,share,1,65,22,float64,0,0,share,share,tctodd7
data\high_quality\tctodd\tctodd7\share-2.tsd,share,2,61,22,float64,0,0,share,share,tctodd7
data\high_quality\tctodd\tctodd7\share-3.tsd,share,3,60,22,float64,0,0,share,share,tctodd7
data\high_quality\tctodd\tctodd7\shop-1.tsd,shop,1,55,22,float64,0,0,shop,shop,tctodd7
data\high_quality\tctodd\tctodd7\shop-2.tsd,shop,2,60,22,float64,0,0,shop,shop,tctodd7
data\high_quality\tctodd\tctodd7\shop-3.tsd,shop,3,58,22,float64,0,0,shop,shop,tctodd7
data\high_quality\tctodd\tctodd7\soon-1.tsd,soon,1,55,22,float64,0,0,soon,soon,tctodd7
data\high_quality\tctodd\tctodd7\soon-2.tsd,soon,2,59,22,float64,0,0,soon,soon,tctodd7
data\high_quality\tctodd\tctodd7\soon-3.tsd,soon,3,57,22,float64,0,0,soon,soon,tctodd7
data\high_quality\tctodd\tctodd7\sorry-1.tsd,sorry,1,56,22,float64,0,0,sorry,sorry,tctodd7
data\high_quality\tctodd\tctodd7\sorry-2.tsd,sorry,2,73,22,float64,0,0,sorry,sorry,tctodd7
data\high_quality\tctodd\tctodd7\sorry-3.tsd,sorry,3,67,22,float64,0,0,sorry,sorry,tctodd7
data\high_quality\tctodd\tctodd7\spend-1.tsd,spend,1,64,22,float64,0,0,spend,spend,tctodd7
data\high_quality\tctodd\tctodd7\spend-2.tsd,spend,2,78,22,float64,0,0,spend,spend,tctodd7
data\high_quality\tctodd\tctodd7\spend-3.tsd,spend,3,59,22,float64,0,0,spend,spend,tctodd7
data\high_quality\tctodd\tctodd7\stubborn-1.tsd,stubborn,1,65,22,float64,0,0,stubborn,stubborn,tctodd7
data\high_quality\tctodd\tctodd7\stubborn-2.tsd,stubborn,2,55,22,float64,0,0,stubborn,stubborn,tctodd7
data\high_quality\tctodd\tctodd7\stubborn-3.tsd,stubborn,3,52,22,float64,0,0,stubborn,stubborn,tctodd7
data\high_quality\tctodd\tctodd7\surprise-1.tsd,surprise,1,54,22,float64,0,0,surprise,surprise,tctodd7
data\high_quality\tctodd\tctodd7\surprise-2.tsd,surprise,2,54,22,float64,0,0,surprise,surprise,tctodd7
data\high_quality\tctodd\tctodd7\surprise-3.tsd,surprise,3,51,22,float64,0,0,surprise,surprise,tctodd7
data\high_quality\tctodd\tctodd7\take-1.tsd,take,1,84,22,float64,0,0,take,take,tctodd7
data\high_quality\tctodd\tctodd7\take-2.tsd,take,2,51,22,float64,0,0,take,take,tctodd7
data\high_quality\tctodd\tctodd7\take-3.tsd,take,3,60,22,float64,0,0,take,take,tctodd7
data\high_quality\tctodd\tctodd7\temper-1.tsd,temper,1,58,22,float64,0,0,temper,temper,tctodd7
data\high_quality\tctodd\tctodd7\temper-2.tsd,temper,2,64,22,float64,0,0,temper,temper,tctodd7
data\high_quality\tctodd\tctodd7\temper-3.tsd,temper,3,63,22,float64,0,0,temper,temper,tctodd7
data\high_quality\tctodd\tctodd7\thank-1.tsd,thank,1,51,22,float64,0,0,thank,thank,tctodd7
data\high_quality\tctodd\tctodd7\thank-2.tsd,thank,2,55,22,float64,0,0,thank,thank,tctodd7
data\high_quality\tctodd\tctodd7\thank-3.tsd,thank,3,55,22,float64,0,0,thank,thank,tctodd7
data\high_quality\tctodd\tctodd7\think-1.tsd,think,1,66,22,float64,0,0,think,think,tctodd7
data\high_quality\tctodd\tctodd7\think-2.tsd,think,2,101,22,float64,0,0,think,think,tctodd7
data\high_quality\tctodd\tctodd7\think-3.tsd,think,3,55,22,float64,0,0,think,think,tctodd7
data\high_quality\tctodd\tctodd7\tray-1.tsd,tray,1,80,22,float64,0,0,tray,tray,tctodd7
data\high_quality\tctodd\tctodd7\tray-2.tsd,tray,2,64,22,float64,0,0,tray,tray,tctodd7
data\high_quality\tctodd\tctodd7\tray-3.tsd,tray,3,56,22,float64,0,0,tray,tray,tctodd7
data\high_quality\tctodd\tctodd7\us-1.tsd,us,1,54,22,float64,0,0,us,us,tctodd7
data\high_quality\tctodd\tctodd7\us-2.tsd,us,2,53,22,float64,0,0,us,us,tctodd7
data\high_quality\tctodd\tctodd7\us-3.tsd,us,3,55,22,float64,0,0,us,us,tctodd7
data\high_quality\tctodd\tctodd7\voluntary-1.tsd,voluntary,1,59,22,float64,0,0,voluntary,voluntary,tctodd7
data\high_quality\tctodd\tctodd7\voluntary-2.tsd,voluntary,2,62,22,float64,0,0,voluntary,voluntary,tctodd7
data\high_quality\tctodd\tctodd7\voluntary-3.tsd,voluntary,3,74,22,float64,0,0,voluntary,voluntary,tctodd7
data\high_quality\tctodd\tctodd7\wait_notyet_-1.tsd,wait_notyet_,1,57,22,float64,0,0,wait_notyet_,wait_notyet_,tctodd7
data\high_quality\tctodd\tctodd7\wait_notyet_-2.tsd,wait_notyet_,2,57,22,float64,0,0,wait_notyet_,wait_notyet_,tctodd7
data\high_quality\tctodd\tctodd7\wait_notyet_-3.tsd,wait_notyet_,3,54,22,float64,0,0,wait_notyet_,wait_notyet_,tctodd7
data\high_quality\tctodd\tctodd7\what-1.tsd,what,1,56,22,float64,0,0,what,what,tctodd7
data\high_quality\tctodd\tctodd7\what-2.tsd,what,2,77,22,float64,0,0,what,what,tctodd7
data\high_quality\tctodd\tctodd7\what-3.tsd,what,3,53,22,float64,0,0,what,what,tctodd7
data\high_quality\tctodd\tctodd7\when-1.tsd,when,1,62,22,float64,0,0,when,when,tctodd7
data\high_quality\tctodd\tctodd7\when-2.tsd,when,2,61,22,float64,0,0,when,when,tctodd7
data\high_quality\tctodd\tctodd7\when-3.tsd,when,3,62,22,float64,0,0,when,when,tctodd7
data\high_quality\tctodd\tctodd7\where-1.tsd,where,1,64,22,float64,0,0,where,where,tctodd7
data\high_quality\tctodd\tctodd7\where-2.tsd,where,2,60,22,float64,0,0,where,where,tctodd7
data\high_quality\tctodd\tctodd7\where-3.tsd,where,3,55,22,float64,0,0,where,where,tctodd7
data\high_quality\tctodd\tctodd7\which-1.tsd,which,1,56,22,float64,0,0,which,which,tctodd7
data\high_quality\tctodd\tctodd7\which-2.tsd,which,2,58,22,float64,0,0,which,which,tctodd7
data\high_quality\tctodd\tctodd7\which-3.tsd,which,3,56,22,float64,0,0,which,which,tctodd7
data\high_quality\tctodd\tctodd7\who-1.tsd,who,1,58,22,float64,0,0,who,who,tctodd7
data\high_quality\tctodd\tctodd7\who-2.tsd,who,2,61,22,float64,0,0,who,who,tctodd7
data\high_quality\tctodd\tctodd7\who-3.tsd,who,3,57,22,float64,0,0,who,who,tctodd7
data\high_quality\tctodd\tctodd7\why-1.tsd,why,1,57,22,float64,0,0,why,why,tctodd7
data\high_quality\tctodd\tctodd7\why-2.tsd,why,2,58,22,float64,0,0,why,why,tctodd7
data\high_quality\tctodd\tctodd7\why-3.tsd,why,3,60,22,float64,0,0,why,why,tctodd7
data\high_quality\tctodd\tctodd7\wild-1.tsd,wild,1,82,22,float64,0,0,wild,wild,tctodd7
data\high_quality\tctodd\tctodd7\wild-2.tsd,wild,2,61,22,float64,0,0,wild,wild,tctodd7
data\high_quality\tctodd\tctodd7\wild-3.tsd,wild,3,70,22,float64,0,0,wild,wild,tctodd7
data\high_quality\tctodd\tctodd7\will-1.tsd,will,1,59,22,float64,0,0,will,will,tctodd7
data\high_quality\tctodd\tctodd7\will-2.tsd,will,2,57,22,float64,0,0,will,will,tctodd7
data\high_quality\tctodd\tctodd7\will-3.tsd,will,3,53,22,float64,0,0,will,will,tctodd7
data\high_quality\tctodd\tctodd7\write-1.tsd,write,1,73,22,float64,0,0,write,write,tctodd7
data\high_quality\tctodd\tctodd7\write-2.tsd,write,2,65,22,float64,0,0,write,write,tctodd7
data\high_quality\tctodd\tctodd7\write-3.tsd,write,3,59,22,float64,0,0,write,write,tctodd7
data\high_quality\tctodd\tctodd7\wrong-1.tsd,wrong,1,50,22,float64,0,0,wrong,wrong,tctodd7
data\high_quality\tctodd\tctodd7\wrong-2.tsd,wrong,2,69,22,float64,0,0,wrong,wrong,tctodd7
data\high_quality\tctodd\tctodd7\wrong-3.tsd,wrong,3,58,22,float64,0,0,wrong,wrong,tctodd7
data\high_quality\tctodd\tctodd7\yes-1.tsd,yes,1,54,22,float64,0,0,yes,yes,tctodd7
data\high_quality\tctodd\tctodd7\yes-2.tsd,yes,2,58,22,float64,0,0,yes,yes,tctodd7
data\high_quality\tctodd\tctodd7\yes-3.tsd,yes,3,55,22,float64,0,0,yes,yes,tctodd7
data\high_quality\tctodd\tctodd7\you-1.tsd,you,1,52,22,float64,0,0,you,you,tctodd7
data\high_quality\tctodd\tctodd7\you-2.tsd,you,2,55,22,float64,0,0,you,you,tctodd7
data\high_quality\tctodd\tctodd7\you-3.tsd,you,3,50,22,float64,0,0,you,you,tctodd7
data\high_quality\tctodd\tctodd7\zero-1.tsd,zero,1,52,22,float64,0,0,zero,zero,tctodd7
data\high_quality\tctodd\tctodd7\zero-2.tsd,zero,2,73,22,float64,0,0,zero,zero,tctodd7
data\high_quality\tctodd\tctodd7\zero-3.tsd,zero,3,57,22,float64,0,0,zero,zero,tctodd7
data\high_quality\tctodd\tctodd8\alive-1.tsd,alive,1,56,22,float64,0,0,alive,alive,tctodd8
data\high_quality\tctodd\tctodd8\alive-2.tsd,alive,2,55,22,float64,0,0,alive,alive,tctodd8
data\high_quality\tctodd\tctodd8\alive-3.tsd,alive,3,60,22,float64,0,0,alive,alive,tctodd8
data\high_quality\tctodd\tctodd8\all-1.tsd,all,1,60,22,float64,0,0,all,all,tctodd8
data\high_quality\tctodd\tctodd8\all-2.tsd,all,2,59,22,float64,0,0,all,all,tctodd8
data\high_quality\tctodd\tctodd8\all-3.tsd,all,3,55,22,float64,0,0,all,all,tctodd8
data\high_quality\tctodd\tctodd8\answer-1.tsd,answer,1,57,22,float64,0,0,answer,answer,tctodd8
data\high_quality\tctodd\tctodd8\answer-2.tsd,answer,2,54,22,float64,0,0,answer,answer,tctodd8
data\high_quality\tctodd\tctodd8\answer-3.tsd,answer,3,55,22,float64,0,0,answer,answer,tctodd8
data\high_quality\tctodd\tctodd8\boy-1.tsd,boy,1,53,22,float64,0,0,boy,boy,tctodd8
data\high_quality\tctodd\tctodd8\boy-2.tsd,boy,2,58,22,float64,0,0,boy,boy,tctodd8
data\high_quality\tctodd\tctodd8\boy-3.tsd,boy,3,57,22,float64,0,0,boy,boy,tctodd8
data\high_quality\tctodd\tctodd8\building-1.tsd,building,1,68,22,float64,0,0,building,building,tctodd8
data\high_quality\tctodd\tctodd8\building-2.tsd,building,2,95,22,float64,0,0,building,building,tctodd8
data\high_quality\tctodd\tctodd8\building-3.tsd,building,3,67,22,float64,0,0,building,building,tctodd8
data\high_quality\tctodd\tctodd8\buy-1.tsd,buy,1,68,22,float64,0,0,buy,buy,tctodd8
data\high_quality\tctodd\tctodd8\buy-2.tsd,buy,2,59,22,float64,0,0,buy,buy,tctodd8
data\high_quality\tctodd\tctodd8\buy-3.tsd,buy,3,53,22,float64,0,0,buy,buy,tctodd8
data\high_quality\tctodd\tctodd8\change_mind_-1.tsd,change_mind_,1,60,22,float64,0,0,change_mind_,change_mind_,tctodd8
data\high_quality\tctodd\tctodd8\change_mind_-2.tsd,change_mind_,2,61,22,float64,0,0,change_mind_,change_mind_,tctodd8
data\high_quality\tctodd\tctodd8\change_mind_-3.tsd,change_mind_,3,57,22,float64,0,0,change_mind_,change_mind_,tctodd8
data\high_quality\tctodd\tctodd8\cold-1.tsd,cold,1,60,22,float64,0,0,cold,cold,tctodd8
data\high_quality\tctodd\tctodd8\cold-2.tsd,cold,2,57,22,float64,0,0,cold,cold,tctodd8
data\high_quality\tctodd\tctodd8\cold-3.tsd,cold,3,53,22,float64,0,0,cold,cold,tctodd8
data\high_quality\tctodd\tctodd8\come-1.tsd,come,1,49,22,float64,0,0,come,come,tctodd8
data\high_quality\tctodd\tctodd8\come-2.tsd,come,2,51,22,float64,0,0,come,come,tctodd8
data\high_quality\tctodd\tctodd8\come-3.tsd,come,3,54,22,float64,0,0,come,come,tctodd8
data\high_quality\tctodd\tctodd8\computer_PC_-1.tsd,computer_PC_,1,65,22,float64,0,0,computer_PC_,computer_PC_,tctodd8
data\high_quality\tctodd\tctodd8\computer_PC_-2.tsd,computer_PC_,2,60,22,float64,0,0,computer_PC_,computer_PC_,tctodd8
data\high_quality\tctodd\tctodd8\computer_PC_-3.tsd,computer_PC_,3,57,22,float64,0,0,computer_PC_,computer_PC_,tctodd8
data\high_quality\tctodd\tctodd8\cost-1.tsd,cost,1,56,22,float64,0,0,cost,cost,tctodd8
data\high_quality\tctodd\tctodd8\cost-2.tsd,cost,2,73,22,float64,0,0,cost,cost,tctodd8
data\high_quality\tctodd\tctodd8\cost-3.tsd,cost,3,53,22,float64,0,0,cost,cost,tctodd8
data\high_quality\tctodd\tctodd8\crazy-1.tsd,crazy,1,58,22,float64,0,0,crazy,crazy,tctodd8
data\high_quality\tctodd\tctodd8\crazy-2.tsd,crazy,2,64,22,float64,0,0,crazy,crazy,tctodd8
data\high_quality\tctodd\tctodd8\crazy-3.tsd,crazy,3,59,22,float64,0,0,crazy,crazy,tctodd8
data\high_quality\tctodd\tctodd8\danger-1.tsd,danger,1,54,22,float64,0,0,danger,danger,tctodd8
data\high_quality\tctodd\tctodd8\danger-2.tsd,danger,2,55,22,float64,0,0,danger,danger,tctodd8
data\high_quality\tctodd\tctodd8\danger-3.tsd,danger,3,74,22,float64,0,0,danger,danger,tctodd8
data\high_quality\tctodd\tctodd8\deaf-1.tsd,deaf,1,54,22,float64,0,0,deaf,deaf,tctodd8
data\high_quality\tctodd\tctodd8\deaf-2.tsd,deaf,2,78,22,float64,0,0,deaf,deaf,tctodd8
data\high_quality\tctodd\tctodd8\deaf-3.tsd,deaf,3,52,22,float64,0,0,deaf,deaf,tctodd8
data\high_quality\tctodd\tctodd8\different-1.tsd,different,1,51,22,float64,0,0,different,different,tctodd8
data\high_quality\tctodd\tctodd8\different-2.tsd,different,2,69,22,float64,0,0,different,different,tctodd8
data\high_quality\tctodd\tctodd8\different-3.tsd,different,3,53,22,float64,0,0,different,different,tctodd8
data\high_quality\tctodd\tctodd8\draw-1.tsd,draw,1,60,22,float64,0,0,draw,draw,tctodd8
data\high_quality\tctodd\tctodd8\draw-2.tsd,draw,2,58,22,float64,0,0,draw,draw,tctodd8
data\high_quality\tctodd\tctodd8\draw-3.tsd,draw,3,59,22,float64,0,0,draw,draw,tctodd8
data\high_quality\tctodd\tctodd8\drink-1.tsd,drink,1,53,22,float64,0,0,drink,drink,tctodd8
data\high_quality\tctodd\tctodd8\drink-2.tsd,drink,2,52,22,float64,0,0,drink,drink,tctodd8
data\high_quality\tctodd\tctodd8\drink-3.tsd,drink,3,53,22,float64,0,0,drink,drink,tctodd8
data\high_quality\tctodd\tctodd8\eat-1.tsd,eat,1,55,22,float64,0,0,eat,eat,tctodd8
data\high_quality\tctodd\tctodd8\eat-2.tsd,eat,2,51,22,float64,0,0,eat,eat,tctodd8
data\high_quality\tctodd\tctodd8\eat-3.tsd,eat,3,51,22,float64,0,0,eat,eat,tctodd8
data\high_quality\tctodd\tctodd8\exit-1.tsd,exit,1,53,22,float64,0,0,exit,exit,tctodd8
data\high_quality\tctodd\tctodd8\exit-2.tsd,exit,2,55,22,float64,0,0,exit,exit,tctodd8
data\high_quality\tctodd\tctodd8\exit-3.tsd,exit,3,55,22,float64,0,0,exit,exit,tctodd8
data\high_quality\tctodd\tctodd8\flash-light-1.tsd,flash-light,1,59,22,float64,0,0,flash-light,flash-light,tctodd8
data\high_quality\tctodd\tctodd8\flash-light-2.tsd,flash-light,2,60,22,float64,0,0,flash-light,flash-light,tctodd8
data\high_quality\tctodd\tctodd8\flash-light-3.tsd,flash-light,3,75,22,float64,0,0,flash-light,flash-light,tctodd8
data\high_quality\tctodd\tctodd8\forget-1.tsd,forget,1,55,22,float64,0,0,forget,forget,tctodd8
data\high_quality\tctodd\tctodd8\forget-2.tsd,forget,2,64,22,float64,0,0,forget,forget,tctodd8
data\high_quality\tctodd\tctodd8\forget-3.tsd,forget,3,52,22,float64,0,0,forget,forget,tctodd8
data\high_quality\tctodd\tctodd8\girl-1.tsd,girl,1,55,22,float64,0,0,girl,girl,tctodd8
data\high_quality\tctodd\tctodd8\girl-2.tsd,girl,2,68,22,float64,0,0,girl,girl,tctodd8
data\high_quality\tctodd\tctodd8\girl-3.tsd,girl,3,52,22,float64,0,0,girl,girl,tctodd8
data\high_quality\tctodd\tctodd8\give-1.tsd,give,1,55,22,float64,0,0,give,give,tctodd8
data\high_quality\tctodd\tctodd8\give-2.tsd,give,2,76,22,float64,0,0,give,give,tctodd8
data\high_quality\tctodd\tctodd8\give-3.tsd,give,3,53,22,float64,0,0,give,give,tctodd8
data\high_quality\tctodd\tctodd8\glove-1.tsd,glove,1,52,22,float64,0,0,glove,glove,tctodd8
data\high_quality\tctodd\tctodd8\glove-2.tsd,glove,2,59,22,float64,0,0,glove,glove,tctodd8
data\high_quality\tctodd\tctodd8\glove-3.tsd,glove,3,67,22,float64,0,0,glove,glove,tctodd8
data\high_quality\tctodd\tctodd8\go-1.tsd,go,1,54,22,float64,0,0,go,go,tctodd8
data\high_quality\tctodd\tctodd8\go-2.tsd,go,2,55,22,float64,0,0,go,go,tctodd8
data\high_quality\tctodd\tctodd8\go-3.tsd,go,3,54,22,float64,0,0,go,go,tctodd8
data\high_quality\tctodd\tctodd8\God-1.tsd,God,1,57,22,float64,0,0,God,God,tctodd8
data\high_quality\tctodd\tctodd8\God-2.tsd,God,2,62,22,float64,0,0,God,God,tctodd8
data\high_quality\tctodd\tctodd8\God-3.tsd,God,3,53,22,float64,0,0,God,God,tctodd8
data\high_quality\tctodd\tctodd8\happy-1.tsd,happy,1,65,22,float64,0,0,happy,happy,tctodd8
data\high_quality\tctodd\tctodd8\happy-2.tsd,happy,2,58,22,float64,0,0,happy,happy,tctodd8
data\high_quality\tctodd\tctodd8\happy-3.tsd,happy,3,57,22,float64,0,0,happy,happy,tctodd8
data\high_quality\tctodd\tctodd8\head-1.tsd,head,1,53,22,float64,0,0,head,head,tctodd8
data\high_quality\tctodd\tctodd8\head-2.tsd,head,2,50,22,float64,0,0,head,head,tctodd8
data\high_quality\tctodd\tctodd8\head-3.tsd,head,3,55,22,float64,0,0,head,head,tctodd8
data\high_quality\tctodd\tctodd8\hear-1.tsd,hear,1,59,22,float64,0,0,hear,hear,tctodd8
data\high_quality\tctodd\tctodd8\hear-2.tsd,hear,2,55,22,float64,0,0,hear,hear,tctodd8
data\high_quality\tctodd\tctodd8\hear-3.tsd,hear,3,55,22,float64,0,0,hear,hear,tctodd8
data\high_quality\tctodd\tctodd8\hello-1.tsd,hello,1,52,22,float64,0,0,hello,hello,tctodd8
data\high_quality\tctodd\tctodd8\hello-2.tsd,hello,2,49,22,float64,0,0,hello,hello,tctodd8
data\high_quality\tctodd\tctodd8\hello-3.tsd,hello,3,51,22,float64,0,0,hello,hello,tctodd8
data\high_quality\tctodd\tctodd8\his_hers-1.tsd,his_hers,1,50,22,float64,0,0,his_hers,his_hers,tctodd8
data\high_quality\tctodd\tctodd8\his_hers-2.tsd,his_hers,2,49,22,float64,0,0,his_hers,his_hers,tctodd8
data\high_quality\tctodd\tctodd8\his_hers-3.tsd,his_hers,3,53,22,float64,0,0,his_hers,his_hers,tctodd8
data\high_quality\tctodd\tctodd8\hot-1.tsd,hot,1,50,22,float64,0,0,hot,hot,tctodd8
data\high_quality\tctodd\tctodd8\hot-2.tsd,hot,2,54,22,float64,0,0,hot,hot,tctodd8
data\high_quality\tctodd\tctodd8\hot-3.tsd,hot,3,52,22,float64,0,0,hot,hot,tctodd8
data\high_quality\tctodd\tctodd8\how-1.tsd,how,1,52,22,float64,0,0,how,how,tctodd8
data\high_quality\tctodd\tctodd8\how-2.tsd,how,2,65,22,float64,0,0,how,how,tctodd8
data\high_quality\tctodd\tctodd8\how-3.tsd,how,3,51,22,float64,0,0,how,how,tctodd8
data\high_quality\tctodd\tctodd8\hurry-1.tsd,hurry,1,66,22,float64,0,0,hurry,hurry,tctodd8
data\high_quality\tctodd\tctodd8\hurry-2.tsd,hurry,2,67,22,float64,0,0,hurry,hurry,tctodd8
data\high_quality\tctodd\tctodd8\hurry-3.tsd,hurry,3,51,22,float64,0,0,hurry,hurry,tctodd8
data\high_quality\tctodd\tctodd8\hurt-1.tsd,hurt,1,80,22,float64,0,0,hurt,hurt,tctodd8
data\high_quality\tctodd\tctodd8\hurt-2.tsd,hurt,2,54,22,float64,0,0,hurt,hurt,tctodd8
data\high_quality\tctodd\tctodd8\hurt-3.tsd,hurt,3,55,22,float64,0,0,hurt,hurt,tctodd8
data\high_quality\tctodd\tctodd8\I-1.tsd,I,1,54,22,float64,0,0,I,I,tctodd8
data\high_quality\tctodd\tctodd8\I-2.tsd,I,2,50,22,float64,0,0,I,I,tctodd8
data\high_quality\tctodd\tctodd8\I-3.tsd,I,3,50,22,float64,0,0,I,I,tctodd8
data\high_quality\tctodd\tctodd8\innocent-1.tsd,innocent,1,57,22,float64,0,0,innocent,innocent,tctodd8
data\high_quality\tctodd\tctodd8\innocent-2.tsd,innocent,2,60,22,float64,0,0,innocent,innocent,tctodd8
data\high_quality\tctodd\tctodd8\innocent-3.tsd,innocent,3,56,22,float64,0,0,innocent,innocent,tctodd8
data\high_quality\tctodd\tctodd8\is_true_-1.tsd,is_true_,1,58,22,float64,0,0,is_true_,is_true_,tctodd8
data\high_quality\tctodd\tctodd8\is_true_-2.tsd,is_true_,2,60,22,float64,0,0,is_true_,is_true_,tctodd8
data\high_quality\tctodd\tctodd8\is_true_-3.tsd,is_true_,3,54,22,float64,0,0,is_true_,is_true_,tctodd8
data\high_quality\tctodd\tctodd8\joke-1.tsd,joke,1,57,22,float64,0,0,joke,joke,tctodd8
data\high_quality\tctodd\tctodd8\joke-2.tsd,joke,2,56,22,float64,0,0,joke,joke,tctodd8
data\high_quality\tctodd\tctodd8\joke-3.tsd,joke,3,74,22,float64,0,0,joke,joke,tctodd8
data\high_quality\tctodd\tctodd8\juice-1.tsd,juice,1,61,22,float64,0,0,juice,juice,tctodd8
data\high_quality\tctodd\tctodd8\juice-2.tsd,juice,2,56,22,float64,0,0,juice,juice,tctodd8
data\high_quality\tctodd\tctodd8\juice-3.tsd,juice,3,64,22,float64,0,0,juice,juice,tctodd8
data\high_quality\tctodd\tctodd8\know-1.tsd,know,1,63,22,float64,0,0,know,know,tctodd8
data\high_quality\tctodd\tctodd8\know-2.tsd,know,2,52,22,float64,0,0,know,know,tctodd8
data\high_quality\tctodd\tctodd8\know-3.tsd,know,3,52,22,float64,0,0,know,know,tctodd8
data\high_quality\tctodd\tctodd8\later-1.tsd,later,1,61,22,float64,0,0,later,later,tctodd8
data\high_quality\tctodd\tctodd8\later-2.tsd,later,2,58,22,float64,0,0,later,later,tctodd8
data\high_quality\tctodd\tctodd8\later-3.tsd,later,3,89,22,float64,0,0,later,later,tctodd8
data\high_quality\tctodd\tctodd8\lose-1.tsd,lose,1,53,22,float64,0,0,lose,lose,tctodd8
data\high_quality\tctodd\tctodd8\lose-2.tsd,lose,2,79,22,float64,0,0,lose,lose,tctodd8
data\high_quality\tctodd\tctodd8\lose-3.tsd,lose,3,53,22,float64,0,0,lose,lose,tctodd8
data\high_quality\tctodd\tctodd8\love-1.tsd,love,1,84,22,float64,0,0,love,love,tctodd8
data\high_quality\tctodd\tctodd8\love-2.tsd,love,2,56,22,float64,0,0,love,love,tctodd8
data\high_quality\tctodd\tctodd8\love-3.tsd,love,3,56,22,float64,0,0,love,love,tctodd8
data\high_quality\tctodd\tctodd8\make-1.tsd,make,1,58,22,float64,0,0,make,make,tctodd8
data\high_quality\tctodd\tctodd8\make-2.tsd,make,2,57,22,float64,0,0,make,make,tctodd8
data\high_quality\tctodd\tctodd8\make-3.tsd,make,3,73,22,float64,0,0,make,make,tctodd8
data\high_quality\tctodd\tctodd8\man-1.tsd,man,1,49,22,float64,0,0,man,man,tctodd8
data\high_quality\tctodd\tctodd8\man-2.tsd,man,2,51,22,float64,0,0,man,man,tctodd8
data\high_quality\tctodd\tctodd8\man-3.tsd,man,3,52,22,float64,0,0,man,man,tctodd8
data\high_quality\tctodd\tctodd8\maybe-1.tsd,maybe,1,51,22,float64,0,0,maybe,maybe,tctodd8
data\high_quality\tctodd\tctodd8\maybe-2.tsd,maybe,2,56,22,float64,0,0,maybe,maybe,tctodd8
data\high_quality\tctodd\tctodd8\maybe-3.tsd,maybe,3,51,22,float64,0,0,maybe,maybe,tctodd8
data\high_quality\tctodd\tctodd8\mine-1.tsd,mine,1,73,22,float64,0,0,mine,mine,tctodd8
data\high_quality\tctodd\tctodd8\mine-2.tsd,mine,2,50,22,float64,0,0,mine,mine,tctodd8
data\high_quality\tctodd\tctodd8\mine-3.tsd,mine,3,57,22,float64,0,0,mine,mine,tctodd8
data\high_quality\tctodd\tctodd8\money-1.tsd,money,1,54,22,float64,0,0,money,money,tctodd8
data\high_quality\tctodd\tctodd8\money-2.tsd,money,2,52,22,float64,0,0,money,money,tctodd8
data\high_quality\tctodd\tctodd8\money-3.tsd,money,3,60,22,float64,0,0,money,money,tctodd8
data\high_quality\tctodd\tctodd8\more-1.tsd,more,1,51,22,float64,0,0,more,more,tctodd8
data\high_quality\tctodd\tctodd8\more-2.tsd,more,2,55,22,float64,0,0,more,more,tctodd8
data\high_quality\tctodd\tctodd8\more-3.tsd,more,3,50,22,float64,0,0,more,more,tctodd8
data\high_quality\tctodd\tctodd8\name-1.tsd,name,1,53,22,float64,0,0,name,name,tctodd8
data\high_quality\tctodd\tctodd8\name-2.tsd,name,2,54,22,float64,0,0,name,name,tctodd8
data\high_quality\tctodd\tctodd8\name-3.tsd,name,3,52,22,float64,0,0,name,name,tctodd8
data\high_quality\tctodd\tctodd8\no-1.tsd,no,1,50,22,float64,0,0,no,no,tctodd8
data\high_quality\tctodd\tctodd8\no-2.tsd,no,2,50,22,float64,0,0,no,no,tctodd8
data\high_quality\tctodd\tctodd8\no-3.tsd,no,3,52,22,float64,0,0,no,no,tctodd8
data\high_quality\tctodd\tctodd8\Norway-1.tsd,Norway,1,78,22,float64,0,0,Norway,Norway,tctodd8
data\high_quality\tctodd\tctodd8\Norway-2.tsd,Norway,2,59,22,float64,0,0,Norway,Norway,tctodd8
data\high_quality\tctodd\tctodd8\Norway-3.tsd,Norway,3,59,22,float64,0,0,Norway,Norway,tctodd8
data\high_quality\tctodd\tctodd8\not-my-problem-1.tsd,not-my-problem,1,51,22,float64,0,0,not-my-problem,not-my-problem,tctodd8
data\high_quality\tctodd\tctodd8\not-my-problem-2.tsd,not-my-problem,2,53,22,float64,0,0,not-my-problem,not-my-problem,tctodd8
data\high_quality\tctodd\tctodd8\not-my-problem-3.tsd,not-my-problem,3,52,22,float64,0,0,not-my-problem,not-my-problem,tctodd8
data\high_quality\tctodd\tctodd8\paper-1.tsd,paper,1,56,22,float64,0,0,paper,paper,tctodd8
data\high_quality\tctodd\tctodd8\paper-2.tsd,paper,2,56,22,float64,0,0,paper,paper,tctodd8
data\high_quality\tctodd\tctodd8\paper-3.tsd,paper,3,55,22,float64,0,0,paper,paper,tctodd8
data\high_quality\tctodd\tctodd8\pen-1.tsd,pen,1,54,22,float64,0,0,pen,pen,tctodd8
data\high_quality\tctodd\tctodd8\pen-2.tsd,pen,2,56,22,float64,0,0,pen,pen,tctodd8
data\high_quality\tctodd\tctodd8\pen-3.tsd,pen,3,63,22,float64,0,0,pen,pen,tctodd8
data\high_quality\tctodd\tctodd8\please-1.tsd,please,1,58,22,float64,0,0,please,please,tctodd8
data\high_quality\tctodd\tctodd8\please-2.tsd,please,2,56,22,float64,0,0,please,please,tctodd8
data\high_quality\tctodd\tctodd8\please-3.tsd,please,3,52,22,float64,0,0,please,please,tctodd8
data\high_quality\tctodd\tctodd8\polite-1.tsd,polite,1,65,22,float64,0,0,polite,polite,tctodd8
data\high_quality\tctodd\tctodd8\polite-2.tsd,polite,2,57,22,float64,0,0,polite,polite,tctodd8
data\high_quality\tctodd\tctodd8\polite-3.tsd,polite,3,57,22,float64,0,0,polite,polite,tctodd8
data\high_quality\tctodd\tctodd8\question-1.tsd,question,1,55,22,float64,0,0,question,question,tctodd8
data\high_quality\tctodd\tctodd8\question-2.tsd,question,2,54,22,float64,0,0,question,question,tctodd8
data\high_quality\tctodd\tctodd8\question-3.tsd,question,3,54,22,float64,0,0,question,question,tctodd8
data\high_quality\tctodd\tctodd8\read-1.tsd,read,1,62,22,float64,0,0,read,read,tctodd8
data\high_quality\tctodd\tctodd8\read-2.tsd,read,2,66,22,float64,0,0,read,read,tctodd8
data\high_quality\tctodd\tctodd8\read-3.tsd,read,3,56,22,float64,0,0,read,read,tctodd8
data\high_quality\tctodd\tctodd8\ready-1.tsd,ready,1,54,22,float64,0,0,ready,ready,tctodd8
data\high_quality\tctodd\tctodd8\ready-2.tsd,ready,2,65,22,float64,0,0,ready,ready,tctodd8
data\high_quality\tctodd\tctodd8\ready-3.tsd,ready,3,54,22,float64,0,0,ready,ready,tctodd8
data\high_quality\tctodd\tctodd8\research-1.tsd,research,1,59,22,float64,0,0,research,research,tctodd8
data\high_quality\tctodd\tctodd8\research-2.tsd,research,2,65,22,float64,0,0,research,research,tctodd8
data\high_quality\tctodd\tctodd8\research-3.tsd,research,3,55,22,float64,0,0,research,research,tctodd8
data\high_quality\tctodd\tctodd8\responsible-1.tsd,responsible,1,58,22,float64,0,0,responsible,responsible,tctodd8
data\high_quality\tctodd\tctodd8\responsible-2.tsd,responsible,2,65,22,float64,0,0,responsible,responsible,tctodd8
data\high_quality\tctodd\tctodd8\responsible-3.tsd,responsible,3,53,22,float64,0,0,responsible,responsible,tctodd8
data\high_quality\tctodd\tctodd8\right-1.tsd,right,1,49,22,float64,0,0,right,right,tctodd8
data\high_quality\tctodd\tctodd8\right-2.tsd,right,2,48,22,float64,0,0,right,right,tctodd8
data\high_quality\tctodd\tctodd8\right-3.tsd,right,3,53,22,float64,0,0,right,right,tctodd8
data\high_quality\tctodd\tctodd8\sad-1.tsd,sad,1,56,22,float64,0,0,sad,sad,tctodd8
data\high_quality\tctodd\tctodd8\sad-2.tsd,sad,2,56,22,float64,0,0,sad,sad,tctodd8
data\high_quality\tctodd\tctodd8\sad-3.tsd,sad,3,53,22,float64,0,0,sad,sad,tctodd8
data\high_quality\tctodd\tctodd8\same-1.tsd,same,1,51,22,float64,0,0,same,same,tctodd8
data\high_quality\tctodd\tctodd8\same-2.tsd,same,2,76,22,float64,0,0,same,same,tctodd8
data\high_quality\tctodd\tctodd8\same-3.tsd,same,3,51,22,float64,0,0,same,same,tctodd8
data\high_quality\tctodd\tctodd8\science-1.tsd,science,1,62,22,float64,0,0,science,science,tctodd8
data\high_quality\tctodd\tctodd8\science-2.tsd,science,2,62,22,float64,0,0,science,science,tctodd8
data\high_quality\tctodd\tctodd8\science-3.tsd,science,3,64,22,float64,0,0,science,science,tctodd8
data\high_quality\tctodd\tctodd8\share-1.tsd,share,1,63,22,float64,0,0,share,share,tctodd8
data\high_quality\tctodd\tctodd8\share-2.tsd,share,2,59,22,float64,0,0,share,share,tctodd8
data\high_quality\tctodd\tctodd8\share-3.tsd,share,3,64,22,float64,0,0,share,share,tctodd8
data\high_quality\tctodd\tctodd8\shop-1.tsd,shop,1,57,22,float64,0,0,shop,shop,tctodd8
data\high_quality\tctodd\tctodd8\shop-2.tsd,shop,2,67,22,float64,0,0,shop,shop,tctodd8
data\high_quality\tctodd\tctodd8\shop-3.tsd,shop,3,66,22,float64,0,0,shop,shop,tctodd8
data\high_quality\tctodd\tctodd8\soon-1.tsd,soon,1,57,22,float64,0,0,soon,soon,tctodd8
data\high_quality\tctodd\tctodd8\soon-2.tsd,soon,2,55,22,float64,0,0,soon,soon,tctodd8
data\high_quality\tctodd\tctodd8\soon-3.tsd,soon,3,58,22,float64,0,0,soon,soon,tctodd8
data\high_quality\tctodd\tctodd8\sorry-1.tsd,sorry,1,56,22,float64,0,0,sorry,sorry,tctodd8
data\high_quality\tctodd\tctodd8\sorry-2.tsd,sorry,2,59,22,float64,0,0,sorry,sorry,tctodd8
data\high_quality\tctodd\tctodd8\sorry-3.tsd,sorry,3,57,22,float64,0,0,sorry,sorry,tctodd8
data\high_quality\tctodd\tctodd8\spend-1.tsd,spend,1,70,22,float64,0,0,spend,spend,tctodd8
data\high_quality\tctodd\tctodd8\spend-2.tsd,spend,2,61,22,float64,0,0,spend,spend,tctodd8
data\high_quality\tctodd\tctodd8\spend-3.tsd,spend,3,62,22,float64,0,0,spend,spend,tctodd8
data\high_quality\tctodd\tctodd8\stubborn-1.tsd,stubborn,1,51,22,float64,0,0,stubborn,stubborn,tctodd8
data\high_quality\tctodd\tctodd8\stubborn-2.tsd,stubborn,2,51,22,float64,0,0,stubborn,stubborn,tctodd8
data\high_quality\tctodd\tctodd8\stubborn-3.tsd,stubborn,3,67,22,float64,0,0,stubborn,stubborn,tctodd8
data\high_quality\tctodd\tctodd8\surprise-1.tsd,surprise,1,54,22,float64,0,0,surprise,surprise,tctodd8
data\high_quality\tctodd\tctodd8\surprise-2.tsd,surprise,2,53,22,float64,0,0,surprise,surprise,tctodd8
data\high_quality\tctodd\tctodd8\surprise-3.tsd,surprise,3,51,22,float64,0,0,surprise,surprise,tctodd8
data\high_quality\tctodd\tctodd8\take-1.tsd,take,1,50,22,float64,0,0,take,take,tctodd8
data\high_quality\tctodd\tctodd8\take-2.tsd,take,2,53,22,float64,0,0,take,take,tctodd8
data\high_quality\tctodd\tctodd8\take-3.tsd,take,3,50,22,float64,0,0,take,take,tctodd8
data\high_quality\tctodd\tctodd8\temper-1.tsd,temper,1,55,22,float64,0,0,temper,temper,tctodd8
data\high_quality\tctodd\tctodd8\temper-2.tsd,temper,2,58,22,float64,0,0,temper,temper,tctodd8
data\high_quality\tctodd\tctodd8\temper-3.tsd,temper,3,59,22,float64,0,0,temper,temper,tctodd8
data\high_quality\tctodd\tctodd8\thank-1.tsd,thank,1,49,22,float64,0,0,thank,thank,tctodd8
data\high_quality\tctodd\tctodd8\thank-2.tsd,thank,2,49,22,float64,0,0,thank,thank,tctodd8
data\high_quality\tctodd\tctodd8\thank-3.tsd,thank,3,54,22,float64,0,0,thank,thank,tctodd8
data\high_quality\tctodd\tctodd8\think-1.tsd,think,1,56,22,float64,0,0,think,think,tctodd8
data\high_quality\tctodd\tctodd8\think-2.tsd,think,2,57,22,float64,0,0,think,think,tctodd8
data\high_quality\tctodd\tctodd8\think-3.tsd,think,3,53,22,float64,0,0,think,think,tctodd8
data\high_quality\tctodd\tctodd8\tray-1.tsd,tray,1,63,22,float64,0,0,tray,tray,tctodd8
data\high_quality\tctodd\tctodd8\tray-2.tsd,tray,2,64,22,float64,0,0,tray,tray,tctodd8
data\high_quality\tctodd\tctodd8\tray-3.tsd,tray,3,59,22,float64,0,0,tray,tray,tctodd8
data\high_quality\tctodd\tctodd8\us-1.tsd,us,1,56,22,float64,0,0,us,us,tctodd8
data\high_quality\tctodd\tctodd8\us-2.tsd,us,2,54,22,float64,0,0,us,us,tctodd8
data\high_quality\tctodd\tctodd8\us-3.tsd,us,3,55,22,float64,0,0,us,us,tctodd8
data\high_quality\tctodd\tctodd8\voluntary-1.tsd,voluntary,1,57,22,float64,0,0,voluntary,voluntary,tctodd8
data\high_quality\tctodd\tctodd8\voluntary-2.tsd,voluntary,2,54,22,float64,0,0,voluntary,voluntary,tctodd8
data\high_quality\tctodd\tctodd8\voluntary-3.tsd,voluntary,3,56,22,float64,0,0,voluntary,voluntary,tctodd8
data\high_quality\tctodd\tctodd8\wait_notyet_-1.tsd,wait_notyet_,1,54,22,float64,0,0,wait_notyet_,wait_notyet_,tctodd8
data\high_quality\tctodd\tctodd8\wait_notyet_-2.tsd,wait_notyet_,2,57,22,float64,0,0,wait_notyet_,wait_notyet_,tctodd8
data\high_quality\tctodd\tctodd8\wait_notyet_-3.tsd,wait_notyet_,3,53,22,float64,0,0,wait_notyet_,wait_notyet_,tctodd8
data\high_quality\tctodd\tctodd8\what-1.tsd,what,1,50,22,float64,0,0,what,what,tctodd8
data\high_quality\tctodd\tctodd8\what-2.tsd,what,2,53,22,float64,0,0,what,what,tctodd8
data\high_quality\tctodd\tctodd8\what-3.tsd,what,3,68,22,float64,0,0,what,what,tctodd8
data\high_quality\tctodd\tctodd8\when-1.tsd,when,1,60,22,float64,0,0,when,when,tctodd8
data\high_quality\tctodd\tctodd8\when-2.tsd,when,2,61,22,float64,0,0,when,when,tctodd8
data\high_quality\tctodd\tctodd8\when-3.tsd,when,3,73,22,float64,0,0,when,when,tctodd8
data\high_quality\tctodd\tctodd8\where-1.tsd,where,1,57,22,float64,0,0,where,where,tctodd8
data\high_quality\tctodd\tctodd8\where-2.tsd,where,2,57,22,float64,0,0,where,where,tctodd8
data\high_quality\tctodd\tctodd8\where-3.tsd,where,3,54,22,float64,0,0,where,where,tctodd8
data\high_quality\tctodd\tctodd8\which-1.tsd,which,1,57,22,float64,0,0,which,which,tctodd8
data\high_quality\tctodd\tctodd8\which-2.tsd,which,2,57,22,float64,0,0,which,which,tctodd8
data\high_quality\tctodd\tctodd8\which-3.tsd,which,3,58,22,float64,0,0,which,which,tctodd8
data\high_quality\tctodd\tctodd8\who-1.tsd,who,1,56,22,float64,0,0,who,who,tctodd8
data\high_quality\tctodd\tctodd8\who-2.tsd,who,2,57,22,float64,0,0,who,who,tctodd8
data\high_quality\tctodd\tctodd8\who-3.tsd,who,3,58,22,float64,0,0,who,who,tctodd8
data\high_quality\tctodd\tctodd8\why-1.tsd,why,1,58,22,float64,0,0,why,why,tctodd8
data\high_quality\tctodd\tctodd8\why-2.tsd,why,2,58,22,float64,0,0,why,why,tctodd8
data\high_quality\tctodd\tctodd8\why-3.tsd,why,3,57,22,float64,0,0,why,why,tctodd8
data\high_quality\tctodd\tctodd8\wild-1.tsd,wild,1,59,22,float64,0,0,wild,wild,tctodd8
data\high_quality\tctodd\tctodd8\wild-2.tsd,wild,2,57,22,float64,0,0,wild,wild,tctodd8
data\high_quality\tctodd\tctodd8\wild-3.tsd,wild,3,63,22,float64,0,0,wild,wild,tctodd8
data\high_quality\tctodd\tctodd8\will-1.tsd,will,1,51,22,float64,0,0,will,will,tctodd8
data\high_quality\tctodd\tctodd8\will-2.tsd,will,2,57,22,float64,0,0,will,will,tctodd8
data\high_quality\tctodd\tctodd8\will-3.tsd,will,3,52,22,float64,0,0,will,will,tctodd8
data\high_quality\tctodd\tctodd8\write-1.tsd,write,1,85,22,float64,0,0,write,write,tctodd8
data\high_quality\tctodd\tctodd8\write-2.tsd,write,2,63,22,float64,0,0,write,write,tctodd8
data\high_quality\tctodd\tctodd8\write-3.tsd,write,3,63,22,float64,0,0,write,write,tctodd8
data\high_quality\tctodd\tctodd8\wrong-1.tsd,wrong,1,55,22,float64,0,0,wrong,wrong,tctodd8
data\high_quality\tctodd\tctodd8\wrong-2.tsd,wrong,2,51,22,float64,0,0,wrong,wrong,tctodd8
data\high_quality\tctodd\tctodd8\wrong-3.tsd,wrong,3,49,22,float64,0,0,wrong,wrong,tctodd8
data\high_quality\tctodd\tctodd8\yes-1.tsd,yes,1,79,22,float64,0,0,yes,yes,tctodd8
data\high_quality\tctodd\tctodd8\yes-2.tsd,yes,2,62,22,float64,0,0,yes,yes,tctodd8
data\high_quality\tctodd\tctodd8\yes-3.tsd,yes,3,50,22,float64,0,0,yes,yes,tctodd8
data\high_quality\tctodd\tctodd8\you-1.tsd,you,1,53,22,float64,0,0,you,you,tctodd8
data\high_quality\tctodd\tctodd8\you-2.tsd,you,2,66,22,float64,0,0,you,you,tctodd8
data\high_quality\tctodd\tctodd8\you-3.tsd,you,3,52,22,float64,0,0,you,you,tctodd8
data\high_quality\tctodd\tctodd8\zero-1.tsd,zero,1,51,22,float64,0,0,zero,zero,tctodd8
data\high_quality\tctodd\tctodd8\zero-2.tsd,zero,2,53,22,float64,0,0,zero,zero,tctodd8
data\high_quality\tctodd\tctodd8\zero-3.tsd,zero,3,51,22,float64,0,0,zero,zero,tctodd8
data\high_quality\tctodd\tctodd9\alive-1.tsd,alive,1,56,22,float64,0,0,alive,alive,tctodd9
data\high_quality\tctodd\tctodd9\alive-2.tsd,alive,2,54,22,float64,0,0,alive,alive,tctodd9
data\high_quality\tctodd\tctodd9\alive-3.tsd,alive,3,57,22,float64,0,0,alive,alive,tctodd9
data\high_quality\tctodd\tctodd9\all-1.tsd,all,1,85,22,float64,0,0,all,all,tctodd9
data\high_quality\tctodd\tctodd9\all-2.tsd,all,2,61,22,float64,0,0,all,all,tctodd9
data\high_quality\tctodd\tctodd9\all-3.tsd,all,3,56,22,float64,0,0,all,all,tctodd9
data\high_quality\tctodd\tctodd9\answer-1.tsd,answer,1,61,22,float64,0,0,answer,answer,tctodd9
data\high_quality\tctodd\tctodd9\answer-2.tsd,answer,2,56,22,float64,0,0,answer,answer,tctodd9
data\high_quality\tctodd\tctodd9\answer-3.tsd,answer,3,54,22,float64,0,0,answer,answer,tctodd9
data\high_quality\tctodd\tctodd9\boy-1.tsd,boy,1,56,22,float64,0,0,boy,boy,tctodd9
data\high_quality\tctodd\tctodd9\boy-2.tsd,boy,2,56,22,float64,0,0,boy,boy,tctodd9
data\high_quality\tctodd\tctodd9\boy-3.tsd,boy,3,81,22,float64,0,0,boy,boy,tctodd9
data\high_quality\tctodd\tctodd9\building-1.tsd,building,1,62,22,float64,0,0,building,building,tctodd9
data\high_quality\tctodd\tctodd9\building-2.tsd,building,2,70,22,float64,0,0,building,building,tctodd9
data\high_quality\tctodd\tctodd9\building-3.tsd,building,3,75,22,float64,0,0,building,building,tctodd9
data\high_quality\tctodd\tctodd9\buy-1.tsd,buy,1,53,22,float64,0,0,buy,buy,tctodd9
data\high_quality\tctodd\tctodd9\buy-2.tsd,buy,2,56,22,float64,0,0,buy,buy,tctodd9
data\high_quality\tctodd\tctodd9\buy-3.tsd,buy,3,56,22,float64,0,0,buy,buy,tctodd9
data\high_quality\tctodd\tctodd9\change_mind_-1.tsd,change_mind_,1,57,22,float64,0,0,change_mind_,change_mind_,tctodd9
data\high_quality\tctodd\tctodd9\change_mind_-2.tsd,change_mind_,2,59,22,float64,0,0,change_mind_,change_mind_,tctodd9
data\high_quality\tctodd\tctodd9\change_mind_-3.tsd,change_mind_,3,58,22,float64,0,0,change_mind_,change_mind_,tctodd9
data\high_quality\tctodd\tctodd9\cold-1.tsd,cold,1,52,22,float64,0,0,cold,cold,tctodd9
data\high_quality\tctodd\tctodd9\cold-2.tsd,cold,2,63,22,float64,0,0,cold,cold,tctodd9
data\high_quality\tctodd\tctodd9\cold-3.tsd,cold,3,55,22,float64,0,0,cold,cold,tctodd9
data\high_quality\tctodd\tctodd9\come-1.tsd,come,1,55,22,float64,0,0,come,come,tctodd9
data\high_quality\tctodd\tctodd9\come-2.tsd,come,2,55,22,float64,0,0,come,come,tctodd9
data\high_quality\tctodd\tctodd9\come-3.tsd,come,3,53,22,float64,0,0,come,come,tctodd9
data\high_quality\tctodd\tctodd9\computer_PC_-1.tsd,computer_PC_,1,58,22,float64,0,0,computer_PC_,computer_PC_,tctodd9
data\high_quality\tctodd\tctodd9\computer_PC_-2.tsd,computer_PC_,2,62,22,float64,0,0,computer_PC_,computer_PC_,tctodd9
data\high_quality\tctodd\tctodd9\computer_PC_-3.tsd,computer_PC_,3,59,22,float64,0,0,computer_PC_,computer_PC_,tctodd9
data\high_quality\tctodd\tctodd9\cost-1.tsd,cost,1,51,22,float64,0,0,cost,cost,tctodd9
data\high_quality\tctodd\tctodd9\cost-2.tsd,cost,2,53,22,float64,0,0,cost,cost,tctodd9
data\high_quality\tctodd\tctodd9\cost-3.tsd,cost,3,51,22,float64,0,0,cost,cost,tctodd9
data\high_quality\tctodd\tctodd9\crazy-1.tsd,crazy,1,64,22,float64,0,0,crazy,crazy,tctodd9
data\high_quality\tctodd\tctodd9\crazy-2.tsd,crazy,2,60,22,float64,0,0,crazy,crazy,tctodd9
data\high_quality\tctodd\tctodd9\crazy-3.tsd,crazy,3,61,22,float64,0,0,crazy,crazy,tctodd9
data\high_quality\tctodd\tctodd9\danger-1.tsd,danger,1,57,22,float64,0,0,danger,danger,tctodd9
data\high_quality\tctodd\tctodd9\danger-2.tsd,danger,2,55,22,float64,0,0,danger,danger,tctodd9
data\high_quality\tctodd\tctodd9\danger-3.tsd,danger,3,58,22,float64,0,0,danger,danger,tctodd9
data\high_quality\tctodd\tctodd9\deaf-1.tsd,deaf,1,63,22,float64,0,0,deaf,deaf,tctodd9
data\high_quality\tctodd\tctodd9\deaf-2.tsd,deaf,2,55,22,float64,0,0,deaf,deaf,tctodd9
data\high_quality\tctodd\tctodd9\deaf-3.tsd,deaf,3,55,22,float64,0,0,deaf,deaf,tctodd9
data\high_quality\tctodd\tctodd9\different-1.tsd,different,1,51,22,float64,0,0,different,different,tctodd9
data\high_quality\tctodd\tctodd9\different-2.tsd,different,2,54,22,float64,0,0,different,different,tctodd9
data\high_quality\tctodd\tctodd9\different-3.tsd,different,3,69,22,float64,0,0,different,different,tctodd9
data\high_quality\tctodd\tctodd9\draw-1.tsd,draw,1,76,22,float64,0,0,draw,draw,tctodd9
data\high_quality\tctodd\tctodd9\draw-2.tsd,draw,2,57,22,float64,0,0,draw,draw,tctodd9
data\high_quality\tctodd\tctodd9\draw-3.tsd,draw,3,61,22,float64,0,0,draw,draw,tctodd9
data\high_quality\tctodd\tctodd9\drink-1.tsd,drink,1,54,22,float64,0,0,drink,drink,tctodd9
data\high_quality\tctodd\tctodd9\drink-2.tsd,drink,2,52,22,float64,0,0,drink,drink,tctodd9
data\high_quality\tctodd\tctodd9\drink-3.tsd,drink,3,55,22,float64,0,0,drink,drink,tctodd9
data\high_quality\tctodd\tctodd9\eat-1.tsd,eat,1,55,22,float64,0,0,eat,eat,tctodd9
data\high_quality\tctodd\tctodd9\eat-2.tsd,eat,2,57,22,float64,0,0,eat,eat,tctodd9
data\high_quality\tctodd\tctodd9\eat-3.tsd,eat,3,61,22,float64,0,0,eat,eat,tctodd9
data\high_quality\tctodd\tctodd9\exit-1.tsd,exit,1,55,22,float64,0,0,exit,exit,tctodd9
data\high_quality\tctodd\tctodd9\exit-2.tsd,exit,2,74,22,float64,0,0,exit,exit,tctodd9
data\high_quality\tctodd\tctodd9\exit-3.tsd,exit,3,57,22,float64,0,0,exit,exit,tctodd9
data\high_quality\tctodd\tctodd9\flash-light-1.tsd,flash-light,1,60,22,float64,0,0,flash-light,flash-light,tctodd9
data\high_quality\tctodd\tctodd9\flash-light-2.tsd,flash-light,2,56,22,float64,0,0,flash-light,flash-light,tctodd9
data\high_quality\tctodd\tctodd9\flash-light-3.tsd,flash-light,3,56,22,float64,0,0,flash-light,flash-light,tctodd9
data\high_quality\tctodd\tctodd9\forget-1.tsd,forget,1,54,22,float64,0,0,forget,forget,tctodd9
data\high_quality\tctodd\tctodd9\forget-2.tsd,forget,2,59,22,float64,0,0,forget,forget,tctodd9
data\high_quality\tctodd\tctodd9\forget-3.tsd,forget,3,56,22,float64,0,0,forget,forget,tctodd9
data\high_quality\tctodd\tctodd9\girl-1.tsd,girl,1,57,22,float64,0,0,girl,girl,tctodd9
data\high_quality\tctodd\tctodd9\girl-2.tsd,girl,2,59,22,float64,0,0,girl,girl,tctodd9
data\high_quality\tctodd\tctodd9\girl-3.tsd,girl,3,56,22,float64,0,0,girl,girl,tctodd9
data\high_quality\tctodd\tctodd9\give-1.tsd,give,1,58,22,float64,0,0,give,give,tctodd9
data\high_quality\tctodd\tctodd9\give-2.tsd,give,2,80,22,float64,0,0,give,give,tctodd9
data\high_quality\tctodd\tctodd9\give-3.tsd,give,3,56,22,float64,0,0,give,give,tctodd9
data\high_quality\tctodd\tctodd9\glove-1.tsd,glove,1,55,22,float64,0,0,glove,glove,tctodd9
data\high_quality\tctodd\tctodd9\glove-2.tsd,glove,2,55,22,float64,0,0,glove,glove,tctodd9
data\high_quality\tctodd\tctodd9\glove-3.tsd,glove,3,56,22,float64,0,0,glove,glove,tctodd9
data\high_quality\tctodd\tctodd9\go-1.tsd,go,1,55,22,float64,0,0,go,go,tctodd9
data\high_quality\tctodd\tctodd9\go-2.tsd,go,2,51,22,float64,0,0,go,go,tctodd9
data\high_quality\tctodd\tctodd9\go-3.tsd,go,3,54,22,float64,0,0,go,go,tctodd9
data\high_quality\tctodd\tctodd9\God-1.tsd,God,1,60,22,float64,0,0,God,God,tctodd9
data\high_quality\tctodd\tctodd9\God-2.tsd,God,2,54,22,float64,0,0,God,God,tctodd9
data\high_quality\tctodd\tctodd9\God-3.tsd,God,3,55,22,float64,0,0,God,God,tctodd9
data\high_quality\tctodd\tctodd9\happy-1.tsd,happy,1,60,22,float64,0,0,happy,happy,tctodd9
data\high_quality\tctodd\tctodd9\happy-2.tsd,happy,2,55,22,float64,0,0,happy,happy,tctodd9
data\high_quality\tctodd\tctodd9\happy-3.tsd,happy,3,55,22,float64,0,0,happy,happy,tctodd9
data\high_quality\tctodd\tctodd9\head-1.tsd,head,1,55,22,float64,0,0,head,head,tctodd9
data\high_quality\tctodd\tctodd9\head-2.tsd,head,2,55,22,float64,0,0,head,head,tctodd9
data\high_quality\tctodd\tctodd9\head-3.tsd,head,3,53,22,float64,0,0,head,head,tctodd9
data\high_quality\tctodd\tctodd9\hear-1.tsd,hear,1,59,22,float64,0,0,hear,hear,tctodd9
data\high_quality\tctodd\tctodd9\hear-2.tsd,hear,2,63,22,float64,0,0,hear,hear,tctodd9
data\high_quality\tctodd\tctodd9\hear-3.tsd,hear,3,61,22,float64,0,0,hear,hear,tctodd9
data\high_quality\tctodd\tctodd9\hello-1.tsd,hello,1,50,22,float64,0,0,hello,hello,tctodd9
data\high_quality\tctodd\tctodd9\hello-2.tsd,hello,2,49,22,float64,0,0,hello,hello,tctodd9
data\high_quality\tctodd\tctodd9\hello-3.tsd,hello,3,51,22,float64,0,0,hello,hello,tctodd9
data\high_quality\tctodd\tctodd9\his_hers-1.tsd,his_hers,1,55,22,float64,0,0,his_hers,his_hers,tctodd9
data\high_quality\tctodd\tctodd9\his_hers-2.tsd,his_hers,2,58,22,float64,0,0,his_hers,his_hers,tctodd9
data\high_quality\tctodd\tctodd9\his_hers-3.tsd,his_hers,3,58,22,float64,0,0,his_hers,his_hers,tctodd9
data\high_quality\tctodd\tctodd9\hot-1.tsd,hot,1,56,22,float64,0,0,hot,hot,tctodd9
data\high_quality\tctodd\tctodd9\hot-2.tsd,hot,2,54,22,float64,0,0,hot,hot,tctodd9
data\high_quality\tctodd\tctodd9\hot-3.tsd,hot,3,52,22,float64,0,0,hot,hot,tctodd9
data\high_quality\tctodd\tctodd9\how-1.tsd,how,1,55,22,float64,0,0,how,how,tctodd9
data\high_quality\tctodd\tctodd9\how-2.tsd,how,2,53,22,float64,0,0,how,how,tctodd9
data\high_quality\tctodd\tctodd9\how-3.tsd,how,3,54,22,float64,0,0,how,how,tctodd9
data\high_quality\tctodd\tctodd9\hurry-1.tsd,hurry,1,74,22,float64,0,0,hurry,hurry,tctodd9
data\high_quality\tctodd\tctodd9\hurry-2.tsd,hurry,2,54,22,float64,0,0,hurry,hurry,tctodd9
data\high_quality\tctodd\tctodd9\hurry-3.tsd,hurry,3,58,22,float64,0,0,hurry,hurry,tctodd9
data\high_quality\tctodd\tctodd9\hurt-1.tsd,hurt,1,58,22,float64,0,0,hurt,hurt,tctodd9
data\high_quality\tctodd\tctodd9\hurt-2.tsd,hurt,2,59,22,float64,0,0,hurt,hurt,tctodd9
data\high_quality\tctodd\tctodd9\hurt-3.tsd,hurt,3,63,22,float64,0,0,hurt,hurt,tctodd9
data\high_quality\tctodd\tctodd9\I-1.tsd,I,1,55,22,float64,0,0,I,I,tctodd9
data\high_quality\tctodd\tctodd9\I-2.tsd,I,2,51,22,float64,0,0,I,I,tctodd9
data\high_quality\tctodd\tctodd9\I-3.tsd,I,3,52,22,float64,0,0,I,I,tctodd9
data\high_quality\tctodd\tctodd9\innocent-1.tsd,innocent,1,55,22,float64,0,0,innocent,innocent,tctodd9
data\high_quality\tctodd\tctodd9\innocent-2.tsd,innocent,2,55,22,float64,0,0,innocent,innocent,tctodd9
data\high_quality\tctodd\tctodd9\innocent-3.tsd,innocent,3,54,22,float64,0,0,innocent,innocent,tctodd9
data\high_quality\tctodd\tctodd9\is_true_-1.tsd,is_true_,1,60,22,float64,0,0,is_true_,is_true_,tctodd9
data\high_quality\tctodd\tctodd9\is_true_-2.tsd,is_true_,2,52,22,float64,0,0,is_true_,is_true_,tctodd9
data\high_quality\tctodd\tctodd9\is_true_-3.tsd,is_true_,3,55,22,float64,0,0,is_true_,is_true_,tctodd9
data\high_quality\tctodd\tctodd9\joke-1.tsd,joke,1,55,22,float64,0,0,joke,joke,tctodd9
data\high_quality\tctodd\tctodd9\joke-2.tsd,joke,2,56,22,float64,0,0,joke,joke,tctodd9
data\high_quality\tctodd\tctodd9\joke-3.tsd,joke,3,57,22,float64,0,0,joke,joke,tctodd9
data\high_quality\tctodd\tctodd9\juice-1.tsd,juice,1,65,22,float64,0,0,juice,juice,tctodd9
data\high_quality\tctodd\tctodd9\juice-2.tsd,juice,2,62,22,float64,0,0,juice,juice,tctodd9
data\high_quality\tctodd\tctodd9\juice-3.tsd,juice,3,60,22,float64,0,0,juice,juice,tctodd9
data\high_quality\tctodd\tctodd9\know-1.tsd,know,1,53,22,float64,0,0,know,know,tctodd9
data\high_quality\tctodd\tctodd9\know-2.tsd,know,2,53,22,float64,0,0,know,know,tctodd9
data\high_quality\tctodd\tctodd9\know-3.tsd,know,3,70,22,float64,0,0,know,know,tctodd9
data\high_quality\tctodd\tctodd9\later-1.tsd,later,1,57,22,float64,0,0,later,later,tctodd9
data\high_quality\tctodd\tctodd9\later-2.tsd,later,2,83,22,float64,0,0,later,later,tctodd9
data\high_quality\tctodd\tctodd9\later-3.tsd,later,3,59,22,float64,0,0,later,later,tctodd9
data\high_quality\tctodd\tctodd9\lose-1.tsd,lose,1,54,22,float64,0,0,lose,lose,tctodd9
data\high_quality\tctodd\tctodd9\lose-2.tsd,lose,2,55,22,float64,0,0,lose,lose,tctodd9
data\high_quality\tctodd\tctodd9\lose-3.tsd,lose,3,53,22,float64,0,0,lose,lose,tctodd9
data\high_quality\tctodd\tctodd9\love-1.tsd,love,1,56,22,float64,0,0,love,love,tctodd9
data\high_quality\tctodd\tctodd9\love-2.tsd,love,2,61,22,float64,0,0,love,love,tctodd9
data\high_quality\tctodd\tctodd9\love-3.tsd,love,3,54,22,float64,0,0,love,love,tctodd9
data\high_quality\tctodd\tctodd9\make-1.tsd,make,1,56,22,float64,0,0,make,make,tctodd9
data\high_quality\tctodd\tctodd9\make-2.tsd,make,2,63,22,float64,0,0,make,make,tctodd9
data\high_quality\tctodd\tctodd9\make-3.tsd,make,3,60,22,float64,0,0,make,make,tctodd9
data\high_quality\tctodd\tctodd9\man-1.tsd,man,1,53,22,float64,0,0,man,man,tctodd9
data\high_quality\tctodd\tctodd9\man-2.tsd,man,2,72,22,float64,0,0,man,man,tctodd9
data\high_quality\tctodd\tctodd9\man-3.tsd,man,3,55,22,float64,0,0,man,man,tctodd9
data\high_quality\tctodd\tctodd9\maybe-1.tsd,maybe,1,55,22,float64,0,0,maybe,maybe,tctodd9
data\high_quality\tctodd\tctodd9\maybe-2.tsd,maybe,2,47,22,float64,0,0,maybe,maybe,tctodd9
data\high_quality\tctodd\tctodd9\maybe-3.tsd,maybe,3,53,22,float64,0,0,maybe,maybe,tctodd9
data\high_quality\tctodd\tctodd9\mine-1.tsd,mine,1,70,22,float64,0,0,mine,mine,tctodd9
data\high_quality\tctodd\tctodd9\mine-2.tsd,mine,2,50,22,float64,0,0,mine,mine,tctodd9
data\high_quality\tctodd\tctodd9\mine-3.tsd,mine,3,68,22,float64,0,0,mine,mine,tctodd9
data\high_quality\tctodd\tctodd9\money-1.tsd,money,1,79,22,float64,0,0,money,money,tctodd9
data\high_quality\tctodd\tctodd9\money-2.tsd,money,2,58,22,float64,0,0,money,money,tctodd9
data\high_quality\tctodd\tctodd9\money-3.tsd,money,3,55,22,float64,0,0,money,money,tctodd9
data\high_quality\tctodd\tctodd9\more-1.tsd,more,1,52,22,float64,0,0,more,more,tctodd9
data\high_quality\tctodd\tctodd9\more-2.tsd,more,2,50,22,float64,0,0,more,more,tctodd9
data\high_quality\tctodd\tctodd9\more-3.tsd,more,3,51,22,float64,0,0,more,more,tctodd9
data\high_quality\tctodd\tctodd9\name-1.tsd,name,1,54,22,float64,0,0,name,name,tctodd9
data\high_quality\tctodd\tctodd9\name-2.tsd,name,2,52,22,float64,0,0,name,name,tctodd9
data\high_quality\tctodd\tctodd9\name-3.tsd,name,3,54,22,float64,0,0,name,name,tctodd9
data\high_quality\tctodd\tctodd9\no-1.tsd,no,1,52,22,float64,0,0,no,no,tctodd9
data\high_quality\tctodd\tctodd9\no-2.tsd,no,2,60,22,float64,0,0,no,no,tctodd9
data\high_quality\tctodd\tctodd9\no-3.tsd,no,3,51,22,float64,0,0,no,no,tctodd9
data\high_quality\tctodd\tctodd9\Norway-1.tsd,Norway,1,56,22,float64,0,0,Norway,Norway,tctodd9
data\high_quality\tctodd\tctodd9\Norway-2.tsd,Norway,2,56,22,float64,0,0,Norway,Norway,tctodd9
data\high_quality\tctodd\tctodd9\Norway-3.tsd,Norway,3,61,22,float64,0,0,Norway,Norway,tctodd9
data\high_quality\tctodd\tctodd9\not-my-problem-1.tsd,not-my-problem,1,60,22,float64,0,0,not-my-problem,not-my-problem,tctodd9
data\high_quality\tctodd\tctodd9\not-my-problem-2.tsd,not-my-problem,2,54,22,float64,0,0,not-my-problem,not-my-problem,tctodd9
data\high_quality\tctodd\tctodd9\not-my-problem-3.tsd,not-my-problem,3,66,22,float64,0,0,not-my-problem,not-my-problem,tctodd9
data\high_quality\tctodd\tctodd9\paper-1.tsd,paper,1,72,22,float64,0,0,paper,paper,tctodd9
data\high_quality\tctodd\tctodd9\paper-2.tsd,paper,2,54,22,float64,0,0,paper,paper,tctodd9
data\high_quality\tctodd\tctodd9\paper-3.tsd,paper,3,62,22,float64,0,0,paper,paper,tctodd9
data\high_quality\tctodd\tctodd9\pen-1.tsd,pen,1,54,22,float64,0,0,pen,pen,tctodd9
data\high_quality\tctodd\tctodd9\pen-2.tsd,pen,2,56,22,float64,0,0,pen,pen,tctodd9
data\high_quality\tctodd\tctodd9\pen-3.tsd,pen,3,52,22,float64,0,0,pen,pen,tctodd9
data\high_quality\tctodd\tctodd9\please-1.tsd,please,1,57,22,float64,0,0,please,please,tctodd9
data\high_quality\tctodd\tctodd9\please-2.tsd,please,2,55,22,float64,0,0,please,please,tctodd9
data\high_quality\tctodd\tctodd9\please-3.tsd,please,3,54,22,float64,0,0,please,please,tctodd9
data\high_quality\tctodd\tctodd9\polite-1.tsd,polite,1,53,22,float64,0,0,polite,polite,tctodd9
data\high_quality\tctodd\tctodd9\polite-2.tsd,polite,2,53,22,float64,0,0,polite,polite,tctodd9
data\high_quality\tctodd\tctodd9\polite-3.tsd,polite,3,53,22,float64,0,0,polite,polite,tctodd9
data\high_quality\tctodd\tctodd9\question-1.tsd,question,1,53,22,float64,0,0,question,question,tctodd9
data\high_quality\tctodd\tctodd9\question-2.tsd,question,2,69,22,float64,0,0,question,question,tctodd9
data\high_quality\tctodd\tctodd9\question-3.tsd,question,3,53,22,float64,0,0,question,question,tctodd9
data\high_quality\tctodd\tctodd9\read-1.tsd,read,1,65,22,float64,0,0,read,read,tctodd9
data\high_quality\tctodd\tctodd9\read-2.tsd,read,2,88,22,float64,0,0,read,read,tctodd9
data\high_quality\tctodd\tctodd9\read-3.tsd,read,3,63,22,float64,0,0,read,read,tctodd9
data\high_quality\tctodd\tctodd9\ready-1.tsd,ready,1,56,22,float64,0,0,ready,ready,tctodd9
data\high_quality\tctodd\tctodd9\ready-2.tsd,ready,2,55,22,float64,0,0,ready,ready,tctodd9
data\high_quality\tctodd\tctodd9\ready-3.tsd,ready,3,54,22,float64,0,0,ready,ready,tctodd9
data\high_quality\tctodd\tctodd9\research-1.tsd,research,1,71,22,float64,0,0,research,research,tctodd9
data\high_quality\tctodd\tctodd9\research-2.tsd,research,2,63,22,float64,0,0,research,research,tctodd9
data\high_quality\tctodd\tctodd9\research-3.tsd,research,3,61,22,float64,0,0,research,research,tctodd9
data\high_quality\tctodd\tctodd9\responsible-1.tsd,responsible,1,58,22,float64,0,0,responsible,responsible,tctodd9
data\high_quality\tctodd\tctodd9\responsible-2.tsd,responsible,2,76,22,float64,0,0,responsible,responsible,tctodd9
data\high_quality\tctodd\tctodd9\responsible-3.tsd,responsible,3,68,22,float64,0,0,responsible,responsible,tctodd9
data\high_quality\tctodd\tctodd9\right-1.tsd,right,1,52,22,float64,0,0,right,right,tctodd9
data\high_quality\tctodd\tctodd9\right-2.tsd,right,2,51,22,float64,0,0,right,right,tctodd9
data\high_quality\tctodd\tctodd9\right-3.tsd,right,3,49,22,float64,0,0,right,right,tctodd9
data\high_quality\tctodd\tctodd9\sad-1.tsd,sad,1,52,22,float64,0,0,sad,sad,tctodd9
data\high_quality\tctodd\tctodd9\sad-2.tsd,sad,2,52,22,float64,0,0,sad,sad,tctodd9
data\high_quality\tctodd\tctodd9\sad-3.tsd,sad,3,49,22,float64,0,0,sad,sad,tctodd9
data\high_quality\tctodd\tctodd9\same-1.tsd,same,1,54,22,float64,0,0,same,same,tctodd9
data\high_quality\tctodd\tctodd9\same-2.tsd,same,2,69,22,float64,0,0,same,same,tctodd9
data\high_quality\tctodd\tctodd9\same-3.tsd,same,3,56,22,float64,0,0,same,same,tctodd9
data\high_quality\tctodd\tctodd9\science-1.tsd,science,1,62,22,float64,0,0,science,science,tctodd9
data\high_quality\tctodd\tctodd9\science-2.tsd,science,2,65,22,float64,0,0,science,science,tctodd9
data\high_quality\tctodd\tctodd9\science-3.tsd,science,3,81,22,float64,0,0,science,science,tctodd9
data\high_quality\tctodd\tctodd9\share-1.tsd,share,1,69,22,float64,0,0,share,share,tctodd9
data\high_quality\tctodd\tctodd9\share-2.tsd,share,2,63,22,float64,0,0,share,share,tctodd9
data\high_quality\tctodd\tctodd9\share-3.tsd,share,3,65,22,float64,0,0,share,share,tctodd9
data\high_quality\tctodd\tctodd9\shop-1.tsd,shop,1,63,22,float64,0,0,shop,shop,tctodd9
data\high_quality\tctodd\tctodd9\shop-2.tsd,shop,2,67,22,float64,0,0,shop,shop,tctodd9
data\high_quality\tctodd\tctodd9\shop-3.tsd,shop,3,57,22,float64,0,0,shop,shop,tctodd9
data\high_quality\tctodd\tctodd9\soon-1.tsd,soon,1,58,22,float64,0,0,soon,soon,tctodd9
data\high_quality\tctodd\tctodd9\soon-2.tsd,soon,2,56,22,float64,0,0,soon,soon,tctodd9
data\high_quality\tctodd\tctodd9\soon-3.tsd,soon,3,55,22,float64,0,0,soon,soon,tctodd9
data\high_quality\tctodd\tctodd9\sorry-1.tsd,sorry,1,59,22,float64,0,0,sorry,sorry,tctodd9
data\high_quality\tctodd\tctodd9\sorry-2.tsd,sorry,2,55,22,float64,0,0,sorry,sorry,tctodd9
data\high_quality\tctodd\tctodd9\sorry-3.tsd,sorry,3,55,22,float64,0,0,sorry,sorry,tctodd9
data\high_quality\tctodd\tctodd9\spend-1.tsd,spend,1,54,22,float64,0,0,spend,spend,tctodd9
data\high_quality\tctodd\tctodd9\spend-2.tsd,spend,2,57,22,float64,0,0,spend,spend,tctodd9
data\high_quality\tctodd\tctodd9\spend-3.tsd,spend,3,73,22,float64,0,0,spend,spend,tctodd9
data\high_quality\tctodd\tctodd9\stubborn-1.tsd,stubborn,1,50,22,float64,0,0,stubborn,stubborn,tctodd9
data\high_quality\tctodd\tctodd9\stubborn-2.tsd,stubborn,2,59,22,float64,0,0,stubborn,stubborn,tctodd9
data\high_quality\tctodd\tctodd9\stubborn-3.tsd,stubborn,3,53,22,float64,0,0,stubborn,stubborn,tctodd9
data\high_quality\tctodd\tctodd9\surprise-1.tsd,surprise,1,52,22,float64,0,0,surprise,surprise,tctodd9
data\high_quality\tctodd\tctodd9\surprise-2.tsd,surprise,2,50,22,float64,0,0,surprise,surprise,tctodd9
data\high_quality\tctodd\tctodd9\surprise-3.tsd,surprise,3,51,22,float64,0,0,surprise,surprise,tctodd9
data\high_quality\tctodd\tctodd9\take-1.tsd,take,1,54,22,float64,0,0,take,take,tctodd9
data\high_quality\tctodd\tctodd9\take-2.tsd,take,2,52,22,float64,0,0,take,take,tctodd9
data\high_quality\tctodd\tctodd9\take-3.tsd,take,3,53,22,float64,0,0,take,take,tctodd9
data\high_quality\tctodd\tctodd9\temper-1.tsd,temper,1,55,22,float64,0,0,temper,temper,tctodd9
data\high_quality\tctodd\tctodd9\temper-2.tsd,temper,2,59,22,float64,0,0,temper,temper,tctodd9
data\high_quality\tctodd\tctodd9\temper-3.tsd,temper,3,54,22,float64,0,0,temper,temper,tctodd9
data\high_quality\tctodd\tctodd9\thank-1.tsd,thank,1,65,22,float64,0,0,thank,thank,tctodd9
data\high_quality\tctodd\tctodd9\thank-2.tsd,thank,2,53,22,float64,0,0,thank,thank,tctodd9
data\high_quality\tctodd\tctodd9\thank-3.tsd,thank,3,59,22,float64,0,0,thank,thank,tctodd9
data\high_quality\tctodd\tctodd9\think-1.tsd,think,1,53,22,float64,0,0,think,think,tctodd9
data\high_quality\tctodd\tctodd9\think-2.tsd,think,2,52,22,float64,0,0,think,think,tctodd9
data\high_quality\tctodd\tctodd9\think-3.tsd,think,3,54,22,float64,0,0,think,think,tctodd9
data\high_quality\tctodd\tctodd9\tray-1.tsd,tray,1,62,22,float64,0,0,tray,tray,tctodd9
data\high_quality\tctodd\tctodd9\tray-2.tsd,tray,2,80,22,float64,0,0,tray,tray,tctodd9
data\high_quality\tctodd\tctodd9\tray-3.tsd,tray,3,64,22,float64,0,0,tray,tray,tctodd9
data\high_quality\tctodd\tctodd9\us-1.tsd,us,1,57,22,float64,0,0,us,us,tctodd9
data\high_quality\tctodd\tctodd9\us-2.tsd,us,2,53,22,float64,0,0,us,us,tctodd9
data\high_quality\tctodd\tctodd9\us-3.tsd,us,3,54,22,float64,0,0,us,us,tctodd9
data\high_quality\tctodd\tctodd9\voluntary-1.tsd,voluntary,1,57,22,float64,0,0,voluntary,voluntary,tctodd9
data\high_quality\tctodd\tctodd9\voluntary-2.tsd,voluntary,2,58,22,float64,0,0,voluntary,voluntary,tctodd9
data\high_quality\tctodd\tctodd9\voluntary-3.tsd,voluntary,3,57,22,float64,0,0,voluntary,voluntary,tctodd9
data\high_quality\tctodd\tctodd9\wait_notyet_-1.tsd,wait_notyet_,1,54,22,float64,0,0,wait_notyet_,wait_notyet_,tctodd9
data\high_quality\tctodd\tctodd9\wait_notyet_-2.tsd,wait_notyet_,2,58,22,float64,0,0,wait_notyet_,wait_notyet_,tctodd9
data\high_quality\tctodd\tctodd9\wait_notyet_-3.tsd,wait_notyet_,3,56,22,float64,0,0,wait_notyet_,wait_notyet_,tctodd9
data\high_quality\tctodd\tctodd9\what-1.tsd,what,1,55,22,float64,0,0,what,what,tctodd9
data\high_quality\tctodd\tctodd9\what-2.tsd,what,2,49,22,float64,0,0,what,what,tctodd9
data\high_quality\tctodd\tctodd9\what-3.tsd,what,3,53,22,float64,0,0,what,what,tctodd9
data\high_quality\tctodd\tctodd9\when-1.tsd,when,1,57,22,float64,0,0,when,when,tctodd9
data\high_quality\tctodd\tctodd9\when-2.tsd,when,2,82,22,float64,0,0,when,when,tctodd9
data\high_quality\tctodd\tctodd9\when-3.tsd,when,3,60,22,float64,0,0,when,when,tctodd9
data\high_quality\tctodd\tctodd9\where-1.tsd,where,1,55,22,float64,0,0,where,where,tctodd9
data\high_quality\tctodd\tctodd9\where-2.tsd,where,2,54,22,float64,0,0,where,where,tctodd9
data\high_quality\tctodd\tctodd9\where-3.tsd,where,3,54,22,float64,0,0,where,where,tctodd9
data\high_quality\tctodd\tctodd9\which-1.tsd,which,1,58,22,float64,0,0,which,which,tctodd9
data\high_quality\tctodd\tctodd9\which-2.tsd,which,2,57,22,float64,0,0,which,which,tctodd9
data\high_quality\tctodd\tctodd9\which-3.tsd,which,3,55,22,float64,0,0,which,which,tctodd9
data\high_quality\tctodd\tctodd9\who-1.tsd,who,1,65,22,float64,0,0,who,who,tctodd9
data\high_quality\tctodd\tctodd9\who-2.tsd,who,2,55,22,float64,0,0,who,who,tctodd9
data\high_quality\tctodd\tctodd9\who-3.tsd,who,3,56,22,float64,0,0,who,who,tctodd9
data\high_quality\tctodd\tctodd9\why-1.tsd,why,1,58,22,float64,0,0,why,why,tctodd9
data\high_quality\tctodd\tctodd9\why-2.tsd,why,2,56,22,float64,0,0,why,why,tctodd9
data\high_quality\tctodd\tctodd9\why-3.tsd,why,3,57,22,float64,0,0,why,why,tctodd9
data\high_quality\tctodd\tctodd9\wild-1.tsd,wild,1,62,22,float64,0,0,wild,wild,tctodd9
data\high_quality\tctodd\tctodd9\wild-2.tsd,wild,2,60,22,float64,0,0,wild,wild,tctodd9
data\high_quality\tctodd\tctodd9\wild-3.tsd,wild,3,56,22,float64,0,0,wild,wild,tctodd9
data\high_quality\tctodd\tctodd9\will-1.tsd,will,1,56,22,float64,0,0,will,will,tctodd9
data\high_quality\tctodd\tctodd9\will-2.tsd,will,2,55,22,float64,0,0,will,will,tctodd9
data\high_quality\tctodd\tctodd9\will-3.tsd,will,3,57,22,float64,0,0,will,will,tctodd9
data\high_quality\tctodd\tctodd9\write-1.tsd,write,1,87,22,float64,0,0,write,write,tctodd9
data\high_quality\tctodd\tctodd9\write-2.tsd,write,2,69,22,float64,0,0,write,write,tctodd9
data\high_quality\tctodd\tctodd9\write-3.tsd,write,3,61,22,float64,0,0,write,write,tctodd9
data\high_quality\tctodd\tctodd9\wrong-1.tsd,wrong,1,57,22,float64,0,0,wrong,wrong,tctodd9
data\high_quality\tctodd\tctodd9\wrong-2.tsd,wrong,2,55,22,float64,0,0,wrong,wrong,tctodd9
data\high_quality\tctodd\tctodd9\wrong-3.tsd,wrong,3,54,22,float64,0,0,wrong,wrong,tctodd9
data\high_quality\tctodd\tctodd9\yes-1.tsd,yes,1,60,22,float64,0,0,yes,yes,tctodd9
data\high_quality\tctodd\tctodd9\yes-2.tsd,yes,2,78,22,float64,0,0,yes,yes,tctodd9
data\high_quality\tctodd\tctodd9\yes-3.tsd,yes,3,55,22,float64,0,0,yes,yes,tctodd9
data\high_quality\tctodd\tctodd9\you-1.tsd,you,1,50,22,float64,0,0,you,you,tctodd9
data\high_quality\tctodd\tctodd9\you-2.tsd,you,2,52,22,float64,0,0,you,you,tctodd9
data\high_quality\tctodd\tctodd9\you-3.tsd,you,3,55,22,float64,0,0,you,you,tctodd9
data\high_quality\tctodd\tctodd9\zero-1.tsd,zero,1,51,22,float64,0,0,zero,zero,tctodd9
data\high_quality\tctodd\tctodd9\zero-2.tsd,zero,2,52,22,float64,0,0,zero,zero,tctodd9
data\high_quality\tctodd\tctodd9\zero-3.tsd,zero,3,51,22,float64,0,0,zero,zero,tctodd9
